payment_id,loan_id,payment_amount,payment_date
PMT0002714,L000672,4704.1,2024-08-31
PMT0003944,L000984,3900.24,2023-05-19
PMT0003393,L000849,1613.51,2023-08-20
PMT0002802,L000697,20880.65,2025-12-04
PMT0001546,L000384,9551.15,2024-12-17
PMT0003942,L000983,"$19,379.95",2023-12-10
PMT0003512,L000876,-7954.68,2022-12-19
PMT0000735,L000186,17808.0,2024-03-13
PMT0001840,L000460,1336.92,2024-12-28
PMT0002399,L000600,1195.96,2024-08-19
PMT0000372,L000092,15086.94,2023-11-14
PMT0000504,L000123,2098.86,2025-09-28
PMT0001746,L000438,5198.63,2023-09-15
PMT0003144,L000789,13046.42,11/01/2023
PMT0002914,L000726,6091.06,2023-10-25
PMT0001912,L000475,13643.43,2025-04-29
PMT0004306,L001072,12457.15,2024-08-06
PMT0004338,L001081,2076.31,2024-01-22
PMT0002120,L000528,2993.61,2025-01-26
PMT0002962,L000737,2722.91,2024-11-11
PMT0001506,L000374,10016.08,2023-09-03
PMT0001390,L000345,5383.4,2023-07-18
PMT0000068,L000016,1367.13,2023-07-22
PMT0001996,L000495,9013.07,2025-10-02
PMT0000584,L000140,6827.0,2024-08-18
PMT0001794,L000448,26744.65,2023-01-11
PMT0004098,L001018,7251.95,2025-06-29
PMT0002996,L000745,1864.4,2024-05-03
PMT0003734,L000929,8711.34,2023-01-25
PMT0003154,L000790,28293.12,2024-02-19
PMT0002498,L000624,10449.28,2026-01-24
PMT0002566,L000640,6256.38,2024-08-19
PMT0004086,L001016,38215.86,2025-01-29
PMT0003157,L000791,7686.32,2023-10-31
PMT0003065,L000771,-47501.02,2023-10-04
PMT0000097,L000024,4178.64,2022-02-21
PMT0003778,L000938,20685.85,2023-09-30
PMT0003790,L000940,5288.92,2024-06-29
PMT0002754,L000684,"$5,169.47",2026-04-06
PMT0004779,L001197,10595.67,2024-02-21
PMT0004414,L001100,74933.54,2024-11-22
PMT0004157,L001032,15359.72,2025-01-14
PMT0003972,L000990,15544.0,2025-05-08
PMT0001383,L000343,5900.55,2023-05-05
PMT0001296,L000324,14358.09,2024-03-29
PMT0001582, L000396 ,6947.04,2023-11-20
PMT0001532,L000380,2148.95,2023-05-04
PMT0001236,L000312,34343.2,2025-07-26
PMT0003966, L000989 ,17488.72,2023-12-27
PMT0001908,L000474,4245.84,2024-02-11
PMT0003432,L000856,"$7,290.58",2024-09-07
PMT0003093,L000777,17322.43,2025-03-31
PMT0001809,L000452,9791.23,2024-05-19
PMT0003360,L000841,13808.79,2022-03-17
PMT0000287,L000068,21628.86,2024-02-04
PMT0000399,L000100,2833.2,2024-03-31
PMT0001776,L000445,1171.87,2023-12-25
PMT0002427,L000607,1617.08,2023-11-12
PMT0000999,L000250,2115.58,2025-11-09
PMT0003472,L000865,14282.65,2024-05-24
PMT0000590,L000142,,2025-12-04
PMT0003039,L000760,30138.36,2024-03-17
PMT0000049,L000010,7733.08,2023-12-27
PMT0004944,L001239,7124.19,2023-04-08
PMT0003427,L000855,23297.93,2025-02-20
PMT0002237,L000559,4185.62,2024-01-07
PMT0000180,L000045,5892.68,2023-05-06
PMT0001793,L000448,23984.52,2024-05-16
PMT0004327, L001078 ,"8,930",
PMT0002935,L000731,"$13,316.04",2022-11-24
PMT0000457,L000113,14795.99,2024-05-10
PMT0004418,L001102,11239.56,03/21/2026
PMT0003116,L000782,5651.74,2023-08-05
PMT0003678,L000914,12133.04,2024-01-28
PMT0001959,L000487,"5,140",2025-03-24
PMT0001887,L000469,10790.46,2024-03-02
PMT0001233,L000311,3002.06,2024-07-21
PMT0003168,L000794,4929.51,2022-11-16
PMT0004528, L001132 ,621.63,2025-04-09
PMT0003958,L000987,7163.19,2024-09-02
PMT0004706,L001179,4017.0,2025-02-15
PMT0003592,L000894,5303.47,2024-04-30
PMT0004175,L001037,557.77,2023-06-17
PMT0002068,L000514,"11,085",2025-02-21
PMT0003722,L000926,6687.9,2023-03-24
PMT0001252,L000315,62058.51,2024-07-20
PMT0004160,L001033,12820.83,2024-03-04
PMT0001999,L000496,22588.71,2024-01-12
PMT0001427,L000355,11292.17,2023-11-18
PMT0002676,L000664,12562.32,2023-03-17
PMT0001545,L000384,5811.05,2024-11-24
PMT0002803,L000697,25762 CAD,2025-08-26
PMT0001348,L000335,4432.8,2024-06-12
PMT0000344,L000087,6307.68,2024-01-23
PMT0001234,L000311,3242.53,2024-04-11
PMT0000162,L000040,4278 CAD,2024-02-14
PMT0003732,L000928,4527.77,2025-03-03
PMT0000555,L000132,10606.43,2023-07-24
PMT0001060, L000265 ,6800.17,2024-08-22
PMT0000084,L000022,4673.15,2024-04-05
PMT0001029,L000257,1982.02,2025-04-30
PMT0004064,L001010,1356.16,2025-09-22
PMT0000553,L000132,10373.77,2024-06-02
PMT0001525,L000378,5867.18,2024-03-21
PMT0002934,L000731,11055.76,2022-06-05
PMT0003117,L000782,7507.44,2023-05-13
PMT0002959,L000737,"2,894",2024-07-17
PMT0001458,L000362,"$2,777.21",2022-03-21
PMT0000829,L000209,4710.7,2024-09-10
PMT0002501,L000625,4733.65,2023-03-17
PMT0000284,L000067,10442.59,2025-11-29
PMT0004601,L001150,13087.41,2024-01-19
PMT0001143,L000290,7901.53,2023-11-18
PMT0001526,L000379,9625.64,2023-07-23
PMT0001886, L000469 ,8999.42,2023-04-20
PMT0002746,L000680,9390 CAD,2025-10-20
PMT0000952,L000240,-13025.74,2023-04-25
PMT0002849,L000707,16119.36,02/15/2024
PMT0003555,L000885,4883.76,2025-07-11
PMT0001563,L000388,4223.12,2022-04-14
PMT0004314,L001075,13141.51,2025-02-25
PMT0003173,L000795,742.56,2023-07-25
PMT0002721,L000674,4010.8,2023-09-04
PMT0003615,L000899,36089.29,2022-07-16
PMT0000454,L000113,8891.32,2025-04-23
PMT0000851,L000216,3159.55,2024-05-09
PMT0000746,L000188,10137.78,2024-03-17
PMT0003529,L000879,3038.49,2023-06-11
PMT0001434,L000356,12545.62,2024-12-02
PMT0001968, L000490 ,7396.88,2025-03-30
PMT0000796,L000197,10145.02,2024-07-12
PMT0003683,L000915,5641.21,2024-11-11
PMT0002543, L000633 ,2406.96,2023-11-01
PMT0001005,L000252,5309.9,2022-10-12
PMT0000151,L000037,4374.91,2023-02-16
PMT0004812, L001204 ,3412.9,2025-05-03
PMT0002494,L000623,6116 CAD,2024-05-31
PMT0000291,L000069,10117.95,2023-05-16
PMT0003737,L000929,5440.27,2022-11-18
PMT0001530,L000380,1139.89,2023-04-24
PMT0004603,L001150,5107.7,2023-10-24
PMT0004892,L001224,4569.23,2024-05-31
PMT0003208,L000803,6561.78,2024-07-31
PMT0000537,L000129,6641.38,2023-02-30
PMT0000006,L000002,1113.81,2023-07-29
PMT0000965,L000242,4373.72,2023-03-21
PMT0003373,L000844,4498.92,2023-06-23
PMT0000211,L000052,6458.21,2026-01-15
PMT0002508,L000627,2701.38,2024-07-05
PMT0000610,L000146,7481.75,2024-08-05
PMT0000788,L000196,5643.69,2024-08-11
PMT0002785,L000694,3058.95,2024-10-28
PMT0000070,L000016,4169.3,2023-05-22
PMT0003398, L000850 ,3007 CAD,2025-03-22
PMT0000378,L000095,9822.94,2023-10-11
PMT0001680, L000421 ,14545.72,2023-04-06
PMT0000531,L000128,8026.72,2024-03-10
PMT0000873,L000221,25181.77,2024-11-21
PMT0004419,L001102,"$5,575.41",2025-10-14
PMT0002901,L000723,63805.43,2025-07-01
PMT0003098,L000778,4130.42,2024-12-05
PMT0003547,L000883,58556.07,28-Apr-2024
PMT0002204, L000552 ,8000.18,2023-07-26
PMT0000429,L000106,5247.79,2023-01-12
PMT0003974,L000990,22782.1,2024-06-20
PMT0004926,L001235,4628 CAD,2025-03-13
PMT0002370,L000595,3845.71,2023-09-02
PMT0002088, L000520 ,-5608.32,2023-04-30
PMT0003843,L000955,8680.0,2025-02-02
PMT0004896,L001228,13945.69,2024-09-26
PMT0004816,L001205,11507.97,2023-08-27
PMT0000420,L000104,80580.2,2023-06-16
PMT0001636,L000410,14499.96,2024-03-04
PMT0004331,L001079,23059.23,2022-12-29
PMT0001949,L000485,30299.46,2023-10-11
PMT0004591, L001148 ,-16316.64,2025-04-01
PMT0004551,L001137,13804.4,2023-06-13
PMT0000030,L000006,9946.81,2025-02-01
PMT0004684,L001173,"6,444",2024-09-21
PMT0000801,L000199,20386.66,2024-05-08
PMT0003509, L000875 ,12060.64,2024-01-01
PMT0001653,L000415,9994.4,2024-11-09
PMT0000058,L000013,4092.47,2023-05-26
PMT0001184,L000300,"12,770",2024-01-17
PMT0002194,L000549,2202.26,2024-10-28
PMT0000387,L000097,40969.94,2023-06-22
PMT0003171,L000794,4968.0,2022-10-06
PMT0003581,L000890,4293.17,2023-10-23
PMT0003191,L000798,7943.75,2023-05-26
PMT0000731, L000186 ,9974.79,2023-01-16
PMT0002738,L000679,20100.46,2023-07-31
PMT0001346,L000335,"$4,603.25",2025-02-11
PMT0001217,L000308,19702.13,2023-10-03
PMT0000957,L000241,4249.88,2024-01-02
PMT0001965,L000489,11076.78,2023-06-05
PMT0003941,L000982,10815.18,2025-07-18
PMT0003824,L000951,3302.17,2025-01-17
PMT0003523,L000878,7303.86,2023-10-02
PMT0001400,L000348,35697.32,2024-11-28
PMT0002784,L000694,2569.68,2024-11-13
PMT0001919,L000477,5753.93,2022-03-18
PMT0003695,L000919,2582.63,2025-07-20
PMT0001197,L000304,6969.28,2025-05-14
PMT0003488,L000870,4770.19,2024-05-03
PMT0003348,L000838,14863.32,2023-04-07
PMT0001857,L000463,2719.21,2024-03-22
PMT0003079,L000774,"28,116",2024-10-08
PMT0002300,L000577,6785.57,2024-11-08
PMT0002793,L000695,14316.16,06/13/2025
PMT0003861,L000959,17646.27,2024-09-17
PMT0001398,L000347,71902.19,2024-07-02
PMT0001799,L000450,20682.83,2025-03-28
PMT0001469,L000364,15689.48,2025-02-05
PMT0004262,L001061,6188.56,2022-09-29
PMT0003458,L000862,3703.57,2022-12-28
PMT0001140,L000289,4764.13,2024-06-13
PMT0003657,L000909,5997.91,2023-10-21
PMT0002496,L000623,2928.08,2023-04-20
PMT0002653,L000660,11326.52,2023-03-17
PMT0001141,L000290,9071.45,2025-05-02
PMT0003369,L000843,10930.95,2024-08-19
PMT0001220,L000309,77479.6,2025-01-29
PMT0001791,L000448,30042.31,2024-11-17
PMT0004294,L001069,17190.49,2025-05-05
PMT0003236,L000808,23565.45,2024-12-29
PMT0004145,L001029,1669.83,2024-05-21
PMT0002260,L000565,1733.11,2024-06-08
PMT0002394,L000598,12446.38,2022-06-25
PMT0002506,L000626,83753.41,2025-06-06
PMT0000311,L000077,357945.88,2023-09-04
PMT0003047,L000764,"$9,084.17",2025-04-05
PMT0000495,L000121,22967.18,04/13/2025
PMT0001855,L000463,-4215.2,2024-01-12
PMT0000408,L000101,6942.88,2023-02-05
PMT0003145,L000789,15244.12,2023-06-22
PMT0004047,L001008,2927.72,2023-06-16
PMT0000281,L000067,7586.41,2024-06-12
PMT0004971,L001246,3508.18,2023-10-29
PMT0000035,L000007,1839.53,2024-12-19
PMT0000663,L000163,14241.47,2025-01-02
PMT0000544,L000130,"$6,369.73",2025-02-25
PMT0003084,L000775,16876.81,2022-10-04
PMT0002126,L000529,71850.26,2023-05-01
PMT0002861,L000711,2740.23,2024-10-22
PMT0000085,L000022,13049.61,2024-09-15
PMT0004954,L001243,-11115.69,2025-06-03
PMT0004794,L001200,2234.46,2023-07-13
PMT0004401,L001095,6500.26,2024-03-10
PMT0000228,L000056,2261.28,2023-10-10
PMT0003217,L000804,5594.33,2024-11-15
PMT0002397,L000600,"$2,155.08",2023-10-20
PMT0000305,L000076,11607.74,2024-09-27
PMT0004245,L001054,11222.49,2023-02-15
PMT0004069,L001012,6404.61,2024-09-26
PMT0002715,L000673,4735.49,2022-05-15
PMT0004668,L001168,6318.7,2026-02-14
PMT0000697,L000174,82881.75,2024-06-14
PMT0000032,L000007,1783.49,2025-01-13
PMT0004629,L001157,4803.22,2023-07-06
PMT0002412, L000603 ,6203.73,2024-02-22
PMT0004214,L001047,1715.61,2024-09-19
PMT0001092,L000275,946.78,2024-07-09
PMT0003938,L000981,1021.25,2023-01-27
PMT0002504,L000625,"5,696",2023-12-14
PMT0002136,L000531,6649.91,2024-04-06
PMT0003386,L000847,5725.52,2025-12-13
PMT0000716,L000181,2899.71,2023-09-26
PMT0000894,L000226,15498.89,2025-04-14
PMT0000694,L000173,10665.35,2025-04-17
PMT0004162,L001034,17738.62,2026-04-06
PMT0000452,L000112,5945.13,2024-03-15
PMT0002616,L000653,6306.59,2025-06-26
PMT0001528,L000379,10818.8,2024-05-03
PMT0003929,L000980,5841.31,2024-06-26
PMT0002109,L000525,4440.04,2023-07-01
PMT0003239,L000810,2110.31,2024-12-05
PMT0002897,L000721,4752.8,2024-11-19
PMT0001741,L000436,4476.31,2024-05-04
PMT0000630,L000152,1705.57,2023-11-17
PMT0004980,L001248,11730.86,2023-03-26
PMT0003103,L000779,10884.73,2024-01-21
PMT0000679,L000170,16351.17,2023-03-23
PMT0002316,L000581,"9,501",2024-09-13
PMT0001374,L000341,87909.94,2022-12-05
PMT0000585,L000140,7274.76,2024-05-13
PMT0001600,L000401,870.48,06-May-2024
PMT0000772,L000193,11197.84,2023-03-15
PMT0001095,L000276,382.88,2024-03-24
PMT0004166,L001035,9207.16,2023-03-02
PMT0003883,L000965,34848.76,2024-02-08
PMT0004375, L001090 ,94655.07,2024-09-26
PMT0004018, L001000 ,unknown,2025-02-08
PMT0002740,L000679,nan,2024-08-10
PMT0003819,L000949,1642.4,2023-11-28
PMT0003876,L000963,7396.31,2024-06-18
PMT0003397,L000850,3350.31,2025-10-17
PMT0002930,L000730,9368 CAD,2023-03-05
PMT0002707,L000671,1752.57,2023-04-18
PMT0001941,L000482,28936.69,2023-07-10
PMT0001293,L000323,8678.79,2024-02-24
PMT0004465,L001118,1754.42,2023-09-27
PMT0003892,L000968,7419.9,2022-12-23
PMT0004467,L001118,1525.27,2023-04-12
PMT0003364,L000843,10446.99,2023-04-27
PMT0002113,L000526,34925.28,2024-09-29
PMT0000246, L000060 ,7875.22,2023-04-26
PMT0003782,L000938,-14057.09,2024-02-22
PMT0002874,L000713,7533.94,2025-07-23
PMT0000961,L000241,4132.95,2025-08-26
PMT0002787,L000695,14024.75,2025-05-12
PMT0001531,L000380,2874.61,2023-04-06
PMT0002818,L000701,1860.65,2024-10-14
PMT0004607,L001152,55587.4,2024-04-05
PMT0003990, L000993 ,24937.02,2023-05-12
PMT0002155,L000537,1924.93,2023-05-21
PMT0000160,L000040,unknown,2022-07-06
PMT0004448,L001111,15614.59,2024-11-11
PMT0003365,L000843,10185.99,2024-04-07
PMT0003048,L000764,7214.71,2025-08-26
PMT0002702,L000670,4898.38,2024-07-23
PMT0004013,L000999,4085.81,2025-07-18
PMT0004112,L001021,5361.0,2022-08-09
PMT0003681,L000915,9883.66,03/01/2025
PMT0004022,L001001,-7169.45,2023-10-13
PMT0003306,L000825,25721.45,2023-10-06
PMT0004531,L001133,4787.23,2023-07-13
PMT0004457,L001116,unknown,2026-03-10
PMT0003058,L000767,37219.65,2024-06-02
PMT0001821,L000455,29879.48,2024-09-17
PMT0003478,L000868,28172.45,2024-07-09
PMT0002123,L000528,4207.54,2025-10-04
PMT0004184,L001041,8582.56,2024-07-14
PMT0000218,L000054,18281.05,2025-12-10
PMT0003199,L000800,nan,2023-05-13
PMT0002029,L000506,5870.23,2024-04-02
PMT0004697,L001176,13242.88,2024-08-05
PMT0000184,L000047,4641.63,2023-10-31
PMT0003716,L000925,"2,670",2022-10-07
PMT0000437,L000107,6181.76,2024-10-16
PMT0000224,L000056,"$7,001.98",2024-02-22
PMT0002621,L000654,4522.84,2023-11-13
PMT0001502,L000373,2825.86,2024-08-23
PMT0003291,L000823,9836.98,2022-06-08
PMT0001766,L000443,15780.74,2023-06-28
PMT0004513,L001130,,2026-04-04
PMT0002042,L000509,4123.56,08/12/2022
PMT0002878,L000714,5704.85,2023-11-28
PMT0003015,L000751,10182.08,2025-07-05
PMT0002613,L000652,48485.25,2023-11-09
PMT0001577,L000393,54222.83,2022-10-17
PMT0003993,L000994,85118.88,2024-09-21
PMT0001826,L000457,41171.77,2023-04-16
PMT0004857,L001215,7688.12,2023-08-20
PMT0004878,L001220,4827.15,2024-11-23
PMT0002047,L000510,6466.4,2025-04-09
PMT0003560, L000885 ,4615.24,2026-01-15
PMT0000276,L000065,"37,646",2022-10-29
PMT0000806,L000201,2185.77,2025-01-18
PMT0000917,L000232,"3,830",2025-06-10
PMT0002523,L000630,8971.42,2024-07-10
PMT0000626,L000150,10471.4,2023-11-17
PMT0004862,L001217,45418.89,2024-04-10
PMT0002381,L000597,3391.55,2025-01-25
PMT0001090,L000274,3319.46,2024-11-02
PMT0004115,L001022,5697.12,2024-09-08
PMT0000201,L000050,8652.74,2024-08-23
PMT0004266,L001062,20955.33,2024-05-02
PMT0000547,L000131,5221.48,2025-09-09
PMT0001500,L000372,2223.29,2025-04-24
PMT0001187,L000301,17224.2,2025-05-04
PMT0000051,L000011,3875.37,2024-02-24
PMT0000066, L000015 ,27955.89,2024-07-11
PMT0004711,L001180,17061.12,2024-06-28
PMT0001312,L000327,7330.53,2024-01-02
PMT0001349,L000335,2870.85,2025-10-05
PMT0000474,L000116,5620.83,2024-05-24
PMT0003362, L000842 ,24206.31,2023-12-31
PMT0002003,L000498,23881.16,2025-02-02
PMT0001864,L000465,12296.83,2023-05-01
PMT0003289,L000823,8565.02,2022-05-29
PMT0002373,L000595,6956.77,2024-09-27
PMT0004791,L001200,"$1,340.53",2024-03-22
PMT0000670,L000165,92249.41,2024-12-15
PMT0002213,L000554,"2,372",2024-06-04
PMT0004736,L001188,2880.12,2023-06-30
PMT0004105,L001019,2001.76,2026-01-23
PMT0004345,L001083,4960.88,2024-05-06
PMT0001446, L000360 ,1937.91,2022-09-28
PMT0003073,L000772,4418.16,2024-05-09
PMT0002076,L000516,1404 CAD,2024-05-05
PMT0002562,L000639,14217.43,2024-06-08
PMT0003528,L000879,1769.62,2023-11-03
PMT0003338,L000836,26506.09,2024-06-20
PMT0003783,L000938,16808.82,2024-03-01
PMT0001658,L000416,8273.68,2025-12-29
PMT0001014,L000254,8844.85,2025-07-30
PMT0002680,L000665,26335.7,2023-02-25
PMT0000144,L000036,15529.42,12/10/2022
PMT0003832,L000952,29353.87,2023-06-17
PMT0000898,L000227,"$9,705.55",2023-06-08
PMT0000069,L000016,-3045.28,2023-10-30
PMT0003930,L000980,5381.04,2023-07-05
PMT0002420,L000604,3688.23,2024-03-27
PMT0003699,L000920,4533.69,2022-12-22
PMT0000469,L000115,5118.87,2024-01-12
PMT0003394,L000849,1970.93,2023-04-01
PMT0001522,L000378,4546.41,2024-04-10
PMT0000834,L000210,3990.68,2023-12-11
PMT0001832,L000459,12185.68,2022-12-31
PMT0003677,L000914,6369.49,2025-08-14
PMT0000300,L000072,20947.53,2023-06-25
PMT0001054,L000262,"4,068",2023-10-23
PMT0004437,L001106,4038.25,2023-12-28
PMT0000641,L000155,7228.84,2023-03-18
PMT0003825,L000951,7022.4,2025-02-19
PMT0004452,L001113,32572.63,2025-03-23
PMT0003931,L000980,4510.68,2025-01-18
PMT0000919,L000233,-4798.86,2024-04-09
PMT0000318,L000079,2941.05,2023-02-30
PMT0004329,L001078,3155.32,2022-12-11
PMT0003893,L000968,9737 CAD,2023-04-21
PMT0004822,L001207,20717 CAD,2022-09-19
PMT0000765,L000192,1326.92,2024-12-01
PMT0000042, L000008 ,1087.38,2024-05-30
PMT0000366,L000090,7864.39,2023-05-29
PMT0003085,L000776,2618.85,2024-02-09
PMT0001460, L000362 ,1154.29,2022-04-16
PMT0004879, L001220 ,4064.49,2025-02-05
PMT0003139,L000788,3278.01,2025-06-05
PMT0000483,L000118,11772.26,2024-03-29
PMT0000608,L000145,-9347.82,2024-07-30
PMT0001106,L000279,32376.96,2024-11-26
PMT0001927,L000478,80313.09,2023-10-18
PMT0002855, L000708 ,10713.96,2022-12-05
PMT0001937,L000481,14139.41,2023-03-08
PMT0004010,L000999,4611.3,2024-05-24
PMT0000577,L000139,1925.06,2024-10-17
PMT0001003,L000252,4326.34,2022-09-15
PMT0003956,L000986,10213.68,2024-06-18
PMT0002366,L000593,6037.65,2024-11-12
PMT0000285,L000068,10865.7,2023-12-23
PMT0004114,L001022,8441.51,2025-02-02
PMT0000881,L000223,13677.78,2023-07-24
PMT0000661,L000162,18593.47,2023-09-11
PMT0001438,L000357,13355.6,2025-07-09
PMT0000532,L000128,2417.82,2024-05-17
PMT0004406, L001096 ,18434.25,2022-12-01
PMT0003784,L000939,7686.34,2024-06-15
PMT0002986,L000743,2469.89,11/24/2024
PMT0002162, L000538 ,7951.75,2025-05-02
PMT0004358,L001085,13159.82,2024-07-07
PMT0003357,L000841,16747.27,2023-04-04
PMT0002798,L000697,24295.82,2025-09-19
PMT0003761,L000934,5062.63,2025-04-02
PMT0003162,L000793,2835.22,2024-04-02
PMT0001551,L000384,3750.18,2024-07-18
PMT0001484,L000368,-10832.91,2025-08-21
PMT0003086,L000776,6316.69,2024-02-04
PMT0001417,L000352,"$11,379.13",2024-10-20
PMT0004932,L001236,57475.41,2022-08-09
PMT0000905, L000229 ,18525.16,2025-02-04
PMT0003949,L000985,29784.69,2024-12-12
PMT0004111,L001021,5339 CAD,2024-03-09
PMT0003645,L000907,6897.37,2023-10-29
PMT0000294,L000070,7507.84,2023-02-20
PMT0002104,L000524,739.33,2024-10-05
PMT0000637,L000154,7366.15,2024-05-12
PMT0001642,L000412,1595.05,2024-10-26
PMT0003470,L000865,4779.88,2025-02-02
PMT0003981,L000991,6266.74,2023-10-21
PMT0004138,L001028,16436.55,22-Feb-2025
PMT0004131,L001026,11183.17,2023-06-27
PMT0000121,L000029,15958.2,04-Jul-2023
PMT0002409, L000602 ,13668.79,2024-09-07
PMT0002188,L000547,3754.73,2022-12-06
PMT0001936,L000480,6593.29,2022-05-14
PMT0002921,L000728,1409.28,2023-09-05
PMT0001227,L000310,3285.04,2024-12-12
PMT0001224,L000310,2689.51,2025-11-25
PMT0002023,L000505,13257.9,2025-01-19
PMT0004040,L001005,1820.83,2023-05-24
PMT0003625,L000902,7224.76,2024-01-30
PMT0002910,L000725,3201.22,2024-04-06
PMT0001755, L000440 ,14049.81,2023-02-21
PMT0001452,L000361,12159.77,2024-06-25
PMT0002240,L000560,33187.06,2024-08-25
PMT0003419,L000854,20914.81,12/20/2024
PMT0002688,L000667,3691.07,2024-04-04
PMT0000579,L000139,2175.7,2023-02-28
PMT0000559,L000134,29191.42,2024-07-02
PMT0004721,L001183,31311.65,2023-07-25
PMT0000348,L000088,7296.16,2025-08-24
PMT0002760,L000687,2681.3,2024-09-09
PMT0001008,L000253,"$13,069.09",2025-02-20
PMT0001283,L000321,5383.94,2022-12-13
PMT0004347,L001083,8502.13,2025-02-09
PMT0003102,L000779,10599.98,2023-12-11
PMT0003361,L000841,"$14,884.79",25-Sep-2022
PMT0002722,L000674,"7,056",2024-10-26
PMT0002391,L000598,15970.7,2022-10-06
PMT0003967,L000989,14415.12,2023-07-04
PMT0000359,L000089,3897.44,2023-01-22
PMT0000392, L000098 ,"$1,694.32",2025-06-29
PMT0002002,L000497,8108.56,2024-11-16
PMT0003554,L000885,7549.21,2024-09-06
PMT0003075,L000773,9730.25,2023-01-10
PMT0003764,L000935,2130.42,2024-06-11
PMT0002724,L000675,5870.87,2024-12-17
PMT0003134,L000787,13302.88,2025-01-19
PMT0001591,L000398,"10,163",2025-10-15
PMT0001362,L000338,18424.4,2024-05-07
PMT0001644,L000412,3395.95,2024-08-14
PMT0004499,L001125,11292.69,2023-03-02
PMT0004563,L001140,33778.18,2025-12-31
PMT0000998,L000250,5456.69,2024-08-23
PMT0001447,L000360,2643.42,2023-09-15
PMT0004975,L001247,3725.94,2024-04-13
PMT0004873,L001220,6770.18,2024-07-06
PMT0001263,L000317,3747.44,2026-02-11
PMT0002947,L000734,13002.81,2025-06-20
PMT0000225,L000056,2316.99,2023-09-16
PMT0000524,L000126,17459 CAD,2024-01-22
PMT0000840,L000211,1477.55,2024-03-01
PMT0000306,L000076,16847.76,2025-05-24
PMT0003127, L000786 ,882.16,2025-09-01
PMT0000730,L000186,15835.28,2023-08-14
PMT0002705,L000671,3551.18,2024-12-04
PMT0000648,L000158,21701.64,2023-09-13
PMT0000550,L000132,11679.91,2024-01-16
PMT0000519,L000125,11398.5,18-Dec-2023
PMT0004621,L001155,11768.94,2024-10-05
PMT0003028,L000756,44595.62,2023-08-07
PMT0002471,L000618,8575.8,2023-06-24
PMT0003561,L000886,37881.46,2025-12-18
PMT0001579,L000395,26492.46,2024-07-23
PMT0002379,L000596,5891.44,2024-12-23
PMT0000652,L000160,14967.48,2022-12-18
PMT0000403,L000101,5539.02,2023-08-23
PMT0001339,L000333,6318.58,2024-01-19
PMT0002096,L000522,8865.97,2023-12-25
PMT0001708,L000427,3237.6,2024-07-12
PMT0003762,L000935,2455.83,2025-01-18
PMT0003599,L000896,5245.35,2025-02-17
PMT0001762,L000442,20316.85,2023-02-17
PMT0002804,L000697,22114.76,2024-10-19
PMT0004636,L001159,-1917.63,2025-01-02
PMT0002404,L000601,18255.57,2026-03-04
PMT0004488,L001123,37426.95,2025-12-17
PMT0001144,L000290,8552.08,2025-01-10
PMT0002880,L000714,4476.49,2023-07-21
PMT0000879,L000222,7284.31,2024-02-20
PMT0000647, L000158 ,7013.81,2023-04-19
PMT0003704,L000920,"$3,995.57",2022-12-17
PMT0004930,L001235,3566.01,2025-02-11
PMT0002850, L000707 ,14653.66,2023-03-13
PMT0001027,L000257,1593.59,2025-01-11
PMT0002651,L000659,"7,701",2022-09-03
PMT0001351,L000335,4950.9,2024-02-27
PMT0001462,L000363,2597.5,2024-11-04
PMT0002699,L000669,1935.83,2025-06-12
PMT0000836,L000210,6048.78,2024-10-28
PMT0004320,L001076,27558.1,2025-07-19
PMT0002143,L000533,9013.43,05/19/2025
PMT0003489,L000870,10312.84,2024-11-25
PMT0003849,L000956,8801.5,2024-05-26
PMT0003596,L000894,1877.93,2025-06-30
PMT0000721,L000182,48751.94,2025-05-20
PMT0000427,L000106,5400.19,2024-06-22
PMT0001223,L000310,1964.02,2025-06-20
PMT0002367,L000594,"19,042",2024-11-14
PMT0004169, L001037 ,1242.49,2024-11-27
PMT0002322,L000584,6713.35,2024-10-09
PMT0003367,L000843,10312 CAD,2023-12-04
PMT0000533, L000129 ,"$5,912.67",2025-02-24
PMT0002438,L000609,1457.33,2025-08-17
PMT0000462,L000114,20036.34,2024-12-28
PMT0000751, L000189 ,5169.79,2025-02-04
PMT0003277,L000818,6566.92,2022-12-05
PMT0002081,L000517,20814.84,2026-04-28
PMT0001613,L000403,4818.29,2023-02-19
PMT0003225,L000806,28918.84,2023-07-30
PMT0002207, L000552 ,19350.35,2023-04-09
PMT0000198,L000049,13977.95,2025-07-16
PMT0000412,L000102,2424.15,2025-07-26
PMT0003980,L000991,5860.63,2023-03-23
PMT0002799,L000697,24512.84,2025-04-08
PMT0004187,L001041,7009.75,2024-09-23
PMT0000759,L000190,2399.99,2024-12-24
PMT0001159,L000295,20411.31,2023-09-01
PMT0003869,L000961,59940.43,2026-04-12
PMT0002313,L000579,"$3,378.93",2025-06-19
PMT0004542,L001135,5457.09,2023-11-24
PMT0002206,L000552,5731.1,2023-12-14
PMT0003305,L000825,21305.3,02/23/2025
PMT0002046,L000510,9466.98,2025-06-03
PMT0001116,L000284,27288.01,2023-07-18
PMT0003414,L000853,"$8,737.77",2022-11-17
PMT0000028,L000006,3819 CAD,2023-08-09
PMT0002482,L000621,2532.24,2024-04-25
PMT0002476,L000620,11356.45,2024-12-19
PMT0001004,L000252,5668.15,2023-08-19
PMT0003629,L000902,4345.3,2023-05-12
PMT0000696, L000173 ,16811.91,2023-08-03
PMT0002600,L000648,16846.36,2024-10-08
PMT0002048,L000510,18377.0,2023-10-18
PMT0004057,L001009,6277.86,2024-07-24
PMT0001214,L000307,7483.04,2024-11-27
PMT0003025,L000755,10464.15,2022-11-18
PMT0000253,L000061,"1,427",01/20/2024
PMT0000671,L000166,23040.48,2023-12-02
PMT0000289,L000069,11643.42,05/13/2023
PMT0004970,L001246,4815.03,2023-06-26
PMT0004789,L001199,3183.24,2022-11-28
PMT0000471, L000116 ,6145.44,2023-05-22
PMT0001977,L000491,1114.45,2023-01-19
PMT0000355,L000089,3080.01,2023-08-27
PMT0000832,L000209,9062.94,2023-10-23
PMT0003877,L000963,4971.92,2024-02-19
PMT0004701, L001178 ,9029.24,2023-09-20
PMT0000739,L000187,4275.76,2025-09-19
PMT0002255,L000564,55602.49,2025-02-09
PMT0002268,L000568,8650.44,2024-04-21
PMT0004073,L001013,5439.01,2023-02-26
PMT0001743,L000436,5550.24,2023-11-22
PMT0002859,L000710,41884.37,2023-03-17
PMT0004894, L001226 ,66895.34,2025-09-11
PMT0000309, L000076 ,20373.11,2025-03-14
PMT0000959,L000241,6466.17,2024-07-16
PMT0002416,L000603,9529.45,2024-09-14
PMT0000109,L000027,1574.47,2025-05-06
PMT0002527,L000631,7082.97,2023-12-20
PMT0004252,L001056,6796.45,2023-09-27
PMT0004453,L001113,36590.57,2025-02-10
PMT0002800,L000697,20913.52,2025-01-06
PMT0000445,L000109,269212.78,2022-06-25
PMT0004190,L001042,22672.26,2024-09-24
PMT0003805,L000945,29540.19,2024-04-04
PMT0001310,L000326,2331.22,2022-12-06
PMT0000154,L000038,1100.48,2024-08-23
PMT0004384,L001092,1551.39,2026-03-25
PMT0004141,L001029,1298.75,2025-08-16
PMT0001235,L000312,"21,154",2024-07-06
PMT0003129,L000786,1512.93,2024-11-21
PMT0000046,L000009,3285.09,2024-03-18
PMT0002323, L000584 ,5856.4,not available
PMT0003984,L000992,3457.81,2024-10-08
PMT0000994,L000248,24222.7,2024-02-28
PMT0002549,L000636,14926.14,2024-05-07
PMT0003763,L000935,3405.92,2023-06-20
PMT0002424,L000607,2183.13,2024-06-18
PMT0000876,L000222,18227.62,15-Nov-2024
PMT0002535,L000632,12904.27,2024-02-28
PMT0004110,L001020,5989.3,2023-11-16
PMT0003123,L000784,22453.81,2025-09-15
PMT0000500,L000122,5948.58,2023-12-15
PMT0004671,L001168,4505.16,2025-12-14
PMT0003407,L000852,10761.42,2024-10-24
PMT0001518,L000377,5916.23,2025-02-11
PMT0004046,L001008,2802.68,2024-05-31
PMT0003446,L000860,12383.35,2025-07-03
PMT0002679,L000665,"$28,967.93",2024-04-13
PMT0003275,L000817,7974 CAD,2023-12-16
PMT0000273,L000065,37596.74,2022-08-09
PMT0003452,L000862,4485 CAD,2023-03-11
PMT0000167,L000041,1577.7,2023-09-07
PMT0002597,L000647,1502.28,2025-01-23
PMT0002999, L000746 ,15630.36,2024-11-26
PMT0000810,L000202,8492.13,2024-05-01
PMT0003259,L000814,37961.22,2025-06-16
PMT0003732,L000928,4527.77,2025-03-03
PMT0003292,L000823,18366.9,2023-04-25
PMT0004213,L001047,1164.46,2024-12-29
PMT0004490,L001124,4228.81,2023-11-26
PMT0002768,L000689,-34396.0,2025-08-27
PMT0002555,L000638,5797.03,2023-04-26
PMT0001112,L000283,16320.91,2024-03-03
PMT0000541,L000130,7182.47,2025-06-14
PMT0001652,L000415,"$6,663.27",2023-06-06
PMT0002989, L000744 ,5627.21,2023-08-10
PMT0000609,L000145,7914.88,12/23/2023
PMT0001278,L000321,2066.95,2024-01-13
PMT0004653,L001163,4182.81,2024-03-02
PMT0002920,L000728,4606.45,2022-10-02
PMT0000858,L000218,"$7,238.74",2022-12-30
PMT0004746,L001191,-4296.77,2023-01-30
PMT0003826,L000951,5991.6,2023-07-24
PMT0001055,L000262,2909.32,2024-01-25
PMT0004463,L001118,1714.37,2023-07-30
PMT0003779,L000938,9607.02,2024-03-30
PMT0003773,L000937,-3657.94,2023-03-06
PMT0001148,L000291,2824.76,2023-05-18
PMT0002893,L000718,2809.07,2024-08-28
PMT0003586,L000892,2028.46,2022-11-07
PMT0002691,L000667,3316.93,2024-06-25
PMT0001353,L000336,8477.95,2024-07-21
PMT0002192,L000549,4691.26,2024-03-29
PMT0002400,L000600,3399.47,2023-12-13
PMT0003192,L000799,2393.72,
PMT0000059,L000014,12754.12,2024-10-01
PMT0004518,L001131,2073.6,2023-08-17
PMT0002383,L000597,2309.7,2024-08-11
PMT0002433,L000609,1399.59,2024-06-12
PMT0001133,L000287,4188.27,2022-10-05
PMT0004048,L001008,3390.93,2024-08-27
PMT0002092,L000521,3557.96,2025-05-04
PMT0003777, L000938 ,13752.66,14-Sep-2022
PMT0003255,L000813,9571.53,2024-01-05
PMT0004024,L001002,36582.43,2024-05-25
PMT0003329,L000834,1517.62,2025-11-03
PMT0003661, L000910 ,9657.4,2023-02-30
PMT0001261,L000317,2099.22,2024-07-16
PMT0000223,L000055,8075.23,2022-08-01
PMT0003235,L000808,24060.09,2025-05-16
PMT0003344, L000837 ,9026.74,2023-06-24
PMT0001115,L000283,"$14,259.27",2023-12-12
PMT0004126,L001024,2665.16,2025-03-25
PMT0001070,L000266,3462.54,2026-01-18
PMT0001341,L000334,14873.95,2024-03-07
PMT0000665,L000163,6602.52,2025-02-18
PMT0002668,L000662,14913.46,11/25/2024
PMT0002119,L000527,3265.69,2024-08-04
PMT0000195,L000049,14612.99,2026-01-17
PMT0004904,L001229,8534.88,2024-09-19
PMT0003752,L000933,1714.34,2025-03-04
PMT0004947,L001240,23408.38,2025-02-12
PMT0003308,L000826,24441.56,2024-01-15
PMT0002925, L000728 ,1512.26,2022-12-01
PMT0004238,L001052,10524.32,2024-12-19
PMT0004610,L001153,5427.29,2023-02-18
PMT0001795,L000448,25664.67,2024-05-01
PMT0003190,L000798,8046.35,2024-06-28
PMT0000569,L000137,6861.14,not available
PMT0000621, L000149 ,6430.26,2024-06-06
PMT0004299,L001070,9267.29,2024-06-22
PMT0001660,L000416,6933.22,2025-12-26
PMT0000666,L000164,7817.11,2025-07-12
PMT0004549, L001137 ,12280.21,2023-11-18
PMT0003303,L000825,25259.18,2025-06-28
PMT0002853, L000708 ,8029.06,2022-09-14
PMT0003866,L000960,10472.2,2024-06-22
PMT0001328,L000330,5749.62,2024-09-07
PMT0003511,L000876,9785.86,2023-03-24
PMT0000138,L000035,449.06,2024-10-10
PMT0001991,L000493,6488.71,2024-05-08
PMT0000822,L000207,3534.58,2023-02-22
PMT0003126,L000786,1800.4,2024-12-02
PMT0000290,L000069,9596.09,2024-04-09
PMT0000929,L000235,"$9,013.25",2023-08-22
PMT0002503,L000625,7792.42,2022-11-10
PMT0004716,L001182,3238.34,2025-05-01
PMT0003632,L000903,19146.82,2022-12-09
PMT0004129,L001026,10322.47,2023-07-22
PMT0002459,L000615,7973.02,2025-05-21
PMT0001511,L000375,"1,041",2024-10-04
PMT0002558,L000638,5731.09,11/06/2024
PMT0003491,L000871,12938.46,2026-03-11
PMT0000363,L000090,3721.21,2022-09-18
PMT0001587,L000397,37918.83,2025-09-14
PMT0000861,L000218,8418.88,2023-03-23
PMT0003247,L000812,19607.79,2024-05-02
PMT0000516,L000124,4322.8,2025-01-27
PMT0001313,L000327,8198.98,2024-09-21
PMT0002733,L000678,3934.9,2023-02-11
PMT0001893,L000470,3550.02,2022-06-24
PMT0004747,L001191,4568.4,2022-05-24
PMT0004611,L001153,3348.33,2024-11-15
PMT0001357, L000337 ,6136.6,10/17/2022
PMT0002826,L000702,718.83,2023-03-03
PMT0000680,L000170,19903.53,2023-11-21
PMT0001499,L000372,3162.54,2025-05-29
PMT0002612,L000651,19985.38,2024-02-29
PMT0003963, L000987 ,7997.43,2025-07-19
PMT0001926,L000478,77043.26,2024-05-04
PMT0004066,L001011,10201.46,2023-09-20
PMT0002879,L000714,2470.11,2023-02-04
PMT0000130,L000032,25969.43,2025-05-06
PMT0002065, L000514 ,6518.93,2024-03-08
PMT0004614,L001154,52609.32,2023-08-20
PMT0001319,L000328,8825.53,2025-01-03
PMT0004298,L001070,8101.17,2023-09-08
PMT0001100,L000276,357.96,09/28/2025
PMT0000034,L000007,1022.7,2023-11-12
PMT0003738,L000929,7143.48,2023-04-30
PMT0001084,L000273,9680.45,2023-05-21
PMT0000334,L000084,11196.69,2024-07-20
PMT0004935,L001238,9238.95,2024-03-06
PMT0000356,L000089,2452.88,01/23/2024
PMT0001454,L000361,13216.55,2024-12-20
PMT0001894,L000470,1066.56,2023-01-13
PMT0004104,L001019,3285.95,2025-12-21
PMT0003170, L000794 ,5151.04,2023-11-25
PMT0003918,L000977,10434.23,2025-12-31
PMT0002752,L000683,19680.63,2023-06-10
PMT0002468,L000617,15467.31,2024-07-04
PMT0003293,L000823,5075.9,2022-04-16
PMT0001011,L000253,15134.65,2025-07-29
PMT0002576,L000642,691.53,2024-12-24
PMT0001544,L000383,18407.13,2023-04-09
PMT0002894,L000719,4470.29,2025-07-25
PMT0004444,L001110,18409.16,2023-01-12
PMT0001781,L000446,4866.03,2024-04-03
PMT0001988,L000493,7482.89,2025-08-28
PMT0003037,L000759,1504.75,2024-01-06
PMT0001176,L000298,-2875.12,2022-05-13
PMT0000552,L000132,11494.07,2024-05-24
PMT0000703,L000176,24004.62,2025-04-20
PMT0003720,L000925,3849.72,2024-02-08
PMT0000949, L000239 ,12008.44,2026-01-13
PMT0004880,L001221,1204.91,2025-03-28
PMT0003092,L000777,20812.51,2024-10-22
PMT0000687,L000171,2171.24,2024-07-23
PMT0001041,L000260,6663.17,2025-05-10
PMT0000821,L000207,4124.63,2024-03-25
PMT0002682,L000666,7128.38,2025-03-08
PMT0002591,L000645,1252 CAD,2025-06-28
PMT0004521,L001131,3412.35,
PMT0001180,L000299,36706.87,2023-06-03
PMT0003837,L000954,2149.35,2024-07-15
PMT0002015,L000503,3091.23,2023-04-25
PMT0004834,L001210,25494.04,2022-09-07
PMT0001160,L000296,5419.78,2024-04-02
PMT0000786,L000196,6424.63,2025-01-21
PMT0004182,L001040,"$17,328.56",2024-11-20
PMT0003919,L000977,13076.69,2024-07-15
PMT0002756,L000686,60543.67,2024-11-18
PMT0003063,L000770,24909.8,2023-04-03
PMT0001704,L000425,11951.0,2025-04-21
PMT0002511,L000628,6661.39,2024-02-15
PMT0000197, L000049 ,"13,341",2024-08-24
PMT0000209,L000051,18010.05,2026-04-08
PMT0001314,L000327,7151.39,2023-09-23
PMT0001519,L000377,4314.76,2024-04-01
PMT0004217,L001048,15987.46,2023-09-24
PMT0003356, L000841 ,14946.95,2022-11-03
PMT0002415,L000603,7901.79,2023-04-05
PMT0000993,L000248,28459.38,2025-10-22
PMT0003787,L000939,3236.12,2023-12-12
PMT0000257,L000062,9335.95,2023-04-04
PMT0001185,L000301,11375.15,2025-08-15
PMT0002239,L000559,8027.4,2024-06-04
PMT0002327,L000584,12264.56,2024-01-20
PMT0004504,L001126,unknown,2023-04-27
PMT0002097,L000522,5418.58,2024-09-25
PMT0002967,L000738,49542.79,2024-03-14
PMT0001045,L000261,36670.69,2023-03-15
PMT0004239,L001052,9395.91,07-Feb-2025
PMT0003924,L000979,1741.01,2023-12-31
PMT0000153,L000038,1269.72,2023-12-22
PMT0002118,L000527,4173.28,2025-04-29
PMT0003970,L000990,28998.28,2025-12-17
PMT0001250,L000314,1923.45,2023-11-30
PMT0004863,L001218,-14006.45,2023-12-23
PMT0001081,L000271,41882.69,2024-11-16
PMT0003503,L000874,15893.7,2024-03-27
PMT0003776,L000937,4503.31,2022-11-08
PMT0004123,L001024,1976.84,2025-02-27
PMT0000719,L000182,49875.79,2024-11-13
PMT0000196,L000049,16552.81,2025-05-18
PMT0002701,L000670,7875.23,2024-03-12
PMT0003694,L000919,3386.6,2026-01-10
PMT0003230,L000807,5326.44,2022-04-22
PMT0002094,L000521,4769.41,2023-11-12
PMT0003366,L000843,"$10,424.46",2024-04-24
PMT0000642,L000155,13087.09,2022-05-08
PMT0004700,L001178,9260.25,2023-02-07
PMT0002365,L000593,6439.27,2025-01-05
PMT0000335,L000085,2431.52,2024-06-29
PMT0003612,L000898,4293.54,2022-12-25
PMT0004535, L001133 ,3538.92,09-Jul-2023
PMT0000072,L000017,4530.73,2023-03-31
PMT0000156,L000038,1846.03,2024-04-11
PMT0000614,L000147,5758.71,2024-07-12
PMT0004203,L001045,660.41,2025-08-27
PMT0001501,L000373,3113.83,2025-05-19
PMT0003069,L000772,3714.43,2024-01-19
PMT0003434, L000857 ,7209.23,2024-08-13
PMT0002410,L000602,15660.49,2024-05-10
PMT0001271,L000319,20714.37,2023-08-28
PMT0003875,L000963,3273.6,2024-04-17
PMT0004772,L001196,3732.9,2023-05-06
PMT0004341,L001081,1459.04,2024-09-02
PMT0003181,L000796,45299 CAD,2023-04-14
PMT0001738,L000436,3023.3,2023-10-18
PMT0000506,L000123,3570.3,2024-05-24
PMT0001896,L000471,7930.86,2025-12-22
PMT0001527, L000379 ,16311.08,2023-09-27
PMT0002584,L000644,2168.49,2023-02-24
PMT0000764,L000192,1325.9,2023-10-17
PMT0000062,L000014,19299.25,2024-03-24
PMT0000156,L000038,1846.03,2024-04-11
PMT0004693,L001175,1409.67,2024-12-22
PMT0004283, L001066 ,2726.8,2025-10-17
PMT0004901,L001229,8265.5,2025-01-01
PMT0002794, L000696 ,7686.86,2022-09-22
PMT0001153,L000292,26450.68,2025-08-07
PMT0002125,L000529,63610.05,2024-09-23
PMT0001347,L000335,1749.89,2024-08-04
PMT0003671,L000913,1558.0,2024-08-20
PMT0004577,L001145,10887.17,2025-04-08
PMT0001819,L000454,1765.52,
PMT0004420,L001102,10367.54,2024-11-28
PMT0002725,L000675,2589.71,2024-06-26
PMT0004969,L001246,2723.62,2023-12-16
PMT0002447,L000612,8472.75,2022-08-18
PMT0004960,L001245,16099.43,2024-12-11
PMT0000422,L000105,23913.61,2024-04-15
PMT0000770,L000193,8650.88,2024-04-13
PMT0002912,L000726,13502.92,2023-11-30
PMT0001810,L000452,9935.59,2025-02-23
PMT0001888,L000470,3830.49,2023-06-06
PMT0001666,L000417,"$3,726.04",2024-11-14
PMT0001950,L000486,27425.78,2023-06-08
PMT0003136,L000787,15144.62,10/27/2023
PMT0004811,L001203,1863.18,2023-01-31
PMT0002177,L000544,2581.69,2024-02-16
PMT0004159,L001032,16440.93,2024-09-24
PMT0002889,L000717,6658 CAD,2024-06-06
PMT0003279,L000819,32302.6,2023-04-04
PMT0003550,L000884,2800.27,2023-07-13
PMT0003937,L000981,1408.18,2023-07-21
PMT0002173,L000543,5817.38,2023-04-16
PMT0003936,L000981,1090.06,2023-01-05
PMT0001171,L000297,11071.77,2024-02-18
PMT0000433,L000107,7363.28,2023-04-13
PMT0000789,L000196,2116.82,2025-03-20
PMT0002589,L000644,1801.34,2023-05-16
PMT0002980,L000742,23143.68,2025-12-13
PMT0004558,L001138,18708.49,2024-08-03
PMT0004625,L001156,11181.97,2024-01-23
PMT0003349,L000839,11848.79,2022-09-07
PMT0001557,L000387,"1,327",2024-01-14
PMT0001909,L000474,3582.26,2024-04-27
PMT0002633,L000656,22440.85,2023-03-15
PMT0000808,L000202,12493.57,2024-11-15
PMT0003878,L000963,5077.07,2024-07-29
PMT0004085,L001015,10849 CAD,2025-01-01
PMT0001358,L000338,17577.57,2024-12-05
PMT0001387,L000344,101503.49,2023-04-11
PMT0001206,L000305,6971.62,2023-02-18
PMT0002132,L000530,5920.5,2024-12-17
PMT0003267,L000816,10738.11,2024-12-19
PMT0004919,L001231,5095.34,2023-02-15
PMT0000282,L000067,7988.67,2024-07-25
PMT0004754,L001193,38775.02,2024-08-23
PMT0004030,L001004,2508.04,2026-04-05
PMT0000186,L000047,4368.68,2023-07-16
PMT0004877,L001220,6818.83,2025-01-29
PMT0000870,L000221,15227.51,2023-10-17
PMT0001774,L000444,3902.59,2022-09-02
PMT0003582,L000891,18340.84,2023-11-07
PMT0002604,L000649,6078.07,2025-02-05
PMT0002774,L000690,2518.39,2024-05-01
PMT0004364,L001087,221143.31,13-May-2023
PMT0002235,L000558,5397.94,2024-02-12
PMT0000934,L000236,1349.64,2024-05-12
PMT0000686,L000171,4299.98,2023-06-04
PMT0004216,L001048,14546.46,2024-08-26
PMT0000078,L000020,6443.41,2024-05-01
PMT0002885,L000717,2684.14,2022-12-14
PMT0004762,L001195,4598.84,2022-07-29
PMT0000304,L000075,282900.85,2024-09-15
PMT0004346,L001083,6854.5,2024-11-09
PMT0004580,L001146,1446.75,2023-11-12
PMT0004016,L001000,"1,537",2024-08-18
PMT0000226,L000056,7133.31,2024-02-06
PMT0002004,L000498,29647.78,2024-11-01
PMT0003572,L000889,10343.62,2024-11-15
PMT0004803,L001201,10531.39,11/01/2023
PMT0001026,L000257,2090.43,2024-11-22
PMT0004627,L001157,"$4,353.32",2023-12-03
PMT0003881,L000964,104278.02,2025-12-05
PMT0000701,L000175,2531.82,2025-08-20
PMT0001142,L000290,8464.63,2024-06-13
PMT0002295, L000574 ,6622.12,2023-04-04
PMT0004334,L001080,"5,587",2022-10-13
PMT0001624,L000408,12616.02,2024-12-31
PMT0001291,L000322,4670.68,2026-02-06
PMT0002178,L000544,2346.78,2023-12-11
PMT0002911,L000726,13752.59,2023-05-17
PMT0000986,L000247,2605.12,2024-01-20
PMT0000570,L000137,13914.68,2025-11-11
PMT0003613,L000898,5793.37,2022-09-22
PMT0001872,L000466,2392.56,2023-01-20
PMT0002838,L000705,1814.2,2024-10-10
PMT0002657,L000660,13560.07,2024-03-08
PMT0001858,L000464,1360.87,2024-08-12
PMT0002969,L000739,11403.39,2024-03-19
PMT0003227,L000807,4395.05,2022-10-11
PMT0002407,L000601,18397.12,
PMT0000747,L000188,4518.0,2023-08-04
PMT0004378,L001091,"16,601",2024-08-10
PMT0002968,L000739,7851.45,2023-06-24
PMT0004220,L001048,10966.26,2023-04-16
PMT0003775,L000937,3668.68,2023-08-22
PMT0004083,L001015,12105.39,2023-07-28
PMT0001241,L000313,2955.72,2025-10-29
PMT0002360,L000593,5300.96,2023-11-30
PMT0001928,L000478,92517.84,08/31/2022
PMT0003347,L000838,28643.78,10/06/2023
PMT0000473,L000116,7898.99,2025-02-17
PMT0004799,L001201,9522.55,2023-11-18
PMT0003317,L000829,11875.22,2023-01-03
PMT0001211,L000307,-3093.79,2024-11-03
PMT0002408,L000601,16409.67,2026-01-19
PMT0001897,L000471,15108.11,09/22/2024
PMT0001050,L000262,2414.2,2024-10-25
PMT0002739,L000679,8065.16,2023-05-07
PMT0003409,L000852,8025.38,2025-04-30
PMT0000884,L000224,7204.23,2023-10-31
PMT0002974,L000740,"$2,242.83",2024-02-27
PMT0004132,L001026,6517.45,04/26/2024
PMT0000606,L000145,"$10,106.17",2024-09-13
PMT0002840,L000705,2661.26,2024-12-25
PMT0000725,L000184,1743.31,2023-07-15
PMT0000964,L000242,4697.41,2024-03-28
PMT0002290,L000574,4260.11,2023-02-05
PMT0000375,L000093,16759.82,2022-10-26
PMT0002222,L000555,14408.24,2024-11-12
PMT0004605,L001151,18672.45,2025-01-24
PMT0001753,L000439,5703.38,2025-04-26
PMT0003812,L000947,84455.09,2023-12-29
PMT0002230,L000558,"$5,457.42",2024-11-17
PMT0000324,L000080,2926.39,12/12/2023
PMT0000384,L000096,8136.45,2024-10-15
PMT0002472,L000619,9179.79,2024-03-10
PMT0002016,L000503,4745.39,2022-12-02
PMT0000529,L000128,7644.75,2025-01-31
PMT0004368,L001088,7023.84,2025-01-16
PMT0004876,L001220,5705.06,2024-03-28
PMT0000200,L000050,5283.86,2024-05-03
PMT0004432,L001105,7688.85,2023-03-29
PMT0001170,L000297,3858.1,2024-09-18
PMT0003284,L000820,5724.52,2023-06-27
PMT0004770,L001196,3470.06,2024-08-07
PMT0003200,L000800,12093.66,2023-08-04
PMT0000710,L000179,2151.65,2024-04-06
PMT0000562,L000136,3548.79,2024-09-16
PMT0002753,L000684,6232 CAD,2025-09-21
PMT0000264, L000063 ,"$13,245.17",2024-04-02
PMT0002796,L000696,21081.19,2023-07-26
PMT0004035,L001004,3011.06,2024-11-26
PMT0001035,L000259,12664.89,2024-01-08
PMT0000125,L000030,4837.63,2025-02-11
PMT0000938,L000236,-2864.39,2024-02-02
PMT0003124,L000785,14584.4,03/06/2023
PMT0000315, L000078 ,-10193.71,2024-12-23
PMT0004758,L001194,6305.98,2023-11-01
PMT0004868,L001219,8583.93,2024-01-22
PMT0004860,L001217,57489.25,2025-02-02
PMT0001629,L000409,3724.28,2025-12-10
PMT0000771,L000193,5803.27,2023-03-29
PMT0004731, L001186 ,6700.13,2024-11-10
PMT0003747,L000932,7777.67,2024-08-30
PMT0002209,L000553,64363.99,2022-09-30
PMT0002439,L000610,3664.28,2024-07-12
PMT0000020,L000004,4880.43,2025-03-29
PMT0003696,L000919,3547.03,2024-11-13
PMT0002918,L000727,3387.74,2023-03-13
PMT0004015,L001000,4099.54,2024-12-04
PMT0002628,L000655,10888.76,
PMT0001903,L000473,"$8,819.06",2024-05-30
PMT0001204,L000305,6938.23,2023-07-11
PMT0000163,L000040,2882.1,2022-07-07
PMT0002000, L000497 ,4061.28,2026-01-23
PMT0001752,L000439,3210.14,2023-12-06
PMT0002149,L000535,35037 CAD,2022-05-02
PMT0000923,L000233,4668.19,2024-07-02
PMT0000968,L000242,5940.07,2024-05-22
PMT0001961,L000488,13715.66,02/10/2024
PMT0001566,L000388,3684.51,2022-07-27
PMT0003926,L000979,3165.86,2024-07-10
PMT0004720,L001182,10840.48,2024-02-17
PMT0003915,L000975,6740.7,2022-08-10
PMT0000685,L000171,3116.39,2023-11-30
PMT0002484,L000621,5955.68,2024-04-30
PMT0002241,L000561,426.15,2024-01-18
PMT0002440,L000610,4010.58,2025-10-14
PMT0004158,L001032,17136.41,2023-11-17
PMT0002758,L000687,3632.02,2026-04-13
PMT0002971,L000739,4282.6,2022-12-01
PMT0002331,L000585,5037.78,2023-10-07
PMT0004056,L001009,4019.63,2025-03-24
PMT0001828,L000458,61397.58,2024-12-10
PMT0002940,L000732,5411.13,2024-06-01
PMT0000182,L000045,2745.74,2023-09-05
PMT0003189,L000798,14247.77,2023-08-13
PMT0002514,L000629,nan,2024-07-03
PMT0004962,L001245,15712.81,2025-05-16
PMT0004598,L001149,4446.69,2024-09-02
PMT0004830,L001209,3044.41,2022-08-30
PMT0000742,L000188,14261.71,2023-10-30
PMT0003624,L000902,2766.39,2024-03-12
PMT0003128,L000786,751.23,2024-08-27
PMT0002643,L000658,37564.49,2023-10-30
PMT0003834,L000953,19174.58,2022-09-26
PMT0003381,L000846,5845.88,2022-12-25
PMT0001797,L000449,54254.33,2024-04-09
PMT0004680,L001172,18377.52,2022-10-20
PMT0003307,L000826,21422.19,2024-04-17
PMT0003382,L000846,9203.44,2023-06-29
PMT0003574, L000889 ,10802.2,2025-09-30
PMT0002117,L000527,7617.31,2024-05-21
PMT0000767,L000192,1539.89,2025-03-30
PMT0002324, L000584 ,3648.1,2023-09-06
PMT0004669,L001168,"8,432",2024-06-26
PMT0002595,L000645,731.95,2024-06-07
PMT0001409,L000350,1740.54,2022-11-10
PMT0000347,L000087,5531.24,2025-01-23
PMT0004588,L001147,3527.14,12-Sep-2023
PMT0004554,L001138,19899.76,2024-03-10
PMT0002486,L000622,6364.58,2023-08-23
PMT0001615, L000404 ,26115.85,
PMT0001696,L000424,22570.92,2025-08-25
PMT0003670,L000912,89593.16,2024-05-10
PMT0002933, L000731 ,5666.99,2023-08-05
PMT0002414,L000603,3994.15,2024-02-06
PMT0001276,L000320,6244.14,2024-09-14
PMT0001229,L000311,6380.43,2023-12-15
PMT0001554,L000386,5673.13,2023-09-26
PMT0003667, L000911 ,9875 CAD,2024-10-21
PMT0004977,L001247,5872.07,2023-07-01
PMT0000977, L000244 ,"6,590",2023-11-28
PMT0003463,L000864,9256.91,2025-07-15
PMT0000463,L000114,21136.65,2024-10-27
PMT0001836,L000459,11356.42,2024-02-02
PMT0001789,L000447,2870.89,2024-02-28
PMT0002515,L000629,5941.94,2024-08-02
PMT0000169,L000042,24750.41,2025-02-28
PMT0004335,L001080,9180.2,2023-01-24
PMT0003223,L000805,-2841.32,2023-12-16
PMT0004536,L001134,"99,163",2022-09-19
PMT0002272,L000569,29370.62,2022-09-01
PMT0004228,L001050,17055.94,2024-08-06
PMT0001880,L000468,10894.67,2024-02-24
PMT0003948, L000984 ,4374.03,2022-08-28
PMT0004476,L001120,22723.75,2023-02-27
PMT0000380,L000095,"$4,641.90",2024-08-23
PMT0002279,L000570,16836.48,2024-02-25
PMT0000693,L000173,17082.66,2024-05-04
PMT0003430,L000856,6633.69,2023-06-03
PMT0000464,L000115,5875.65,2022-11-07
PMT0001726,L000433,14483.9,2026-05-26
PMT0003240,L000810,6828.6,2024-08-13
PMT0000754,L000190,7085.02,2025-03-08
PMT0000683,L000171,7171.33,2024-09-21
PMT0002426,L000607,1824.46,2023-05-25
PMT0002688,L000667,3691.07,2024-04-04
PMT0003698,L000920,5414.8,2022-08-09
PMT0002049,L000510,8698.55,2024-05-01
PMT0004810,L001203,nan,
PMT0002057,L000512,1533.32,15-Jan-2026
PMT0003228,L000807,3448.91,2023-03-24
PMT0002819,L000701,3603.81,2024-12-25
PMT0001721,L000431,7446.79,11/01/2023
PMT0003618,L000900,16914.3,2024-07-05
PMT0000406,L000101,5585.7,2023-10-09
PMT0001496, L000371 ,7859 CAD,2023-03-23
PMT0001933,L000479,-16993.98,2024-02-21
PMT0001392,L000345,5996.84,2024-10-12
PMT0003221,L000805,2902.04,2024-07-15
PMT0004142,L001029,"$3,307.18",2024-06-29
PMT0002453,L000614,30201.89,2024-03-26
PMT0002513,L000628,2439 CAD,2024-07-07
PMT0004708, L001179 ,13540.85,2024-11-02
PMT0002045,L000509,5868.67,2023-09-07
PMT0000702, L000175 ,1299.34,2025-05-20
PMT0001461,L000363,4288.83,2024-06-04
PMT0001962,L000489,6384.25,2022-07-11
PMT0000867,L000219,7234.22,2024-10-17
PMT0000967, L000242 ,2924.23,2023-07-11
PMT0002695,L000669,1651.09,2024-10-12
PMT0004951,L001242,18138.82,2024-03-09
PMT0004227, L001050 ,16146.77,2025-03-07
PMT0004659, L001165 ,2484.95,2025-01-16
PMT0003249,L000812,10465.14,2025-07-28
PMT0003497,L000872,5059.72,2025-01-28
PMT0000404, L000101 ,"6,724",2023-11-24
PMT0002258, L000565 ,1542.38,2025-04-18
PMT0002483,L000621,7030.28,2024-10-18
PMT0002720,L000674,3067.51,2023-05-22
PMT0004957,L001244,30151.91,2023-10-19
PMT0002477,L000620,10698.22,2024-02-25
PMT0000468,L000115,2942.51,2022-09-27
PMT0002184,L000546,29776.58,2024-03-20
PMT0003428,L000856,8385.56,2024-07-10
PMT0003457,L000862,4911.34,2023-10-03
PMT0004349,L001083,9242.74,2025-09-08
PMT0002275,L000570,17152.85,2025-05-13
PMT0002035,L000507,3150.27,2024-03-09
PMT0000090,L000023,"$3,897.79",2024-11-26
PMT0000651,L000160,16046.69,2022-09-28
PMT0000041,L000008,1166.08,2024-11-10
PMT0001138,L000289,"6,477",2024-06-22
PMT0001713,L000428,8321.63,2025-07-08
PMT0000133,L000034,34852.81,11/07/2024
PMT0002375,L000596,3142.2,2025-12-29
PMT0001099,L000276,1128.42,2024-06-12
PMT0002529,L000631,20223.99,2025-04-10
PMT0001423,L000353,11877.13,2024-11-09
PMT0001618,L000405,29587.95,2022-12-02
PMT0003589,L000893,19634.93,2024-12-02
PMT0000043,L000009,1271.35,2023-06-06
PMT0000983,L000246,14735.16,2024-10-30
PMT0003616,L000899,34476.27,2022-04-05
PMT0000888,L000225,5512.31,2023-04-28
PMT0002569,L000641,25918 CAD,2023-10-26
PMT0000748,L000189,4149.13,2024-06-23
PMT0000407,L000101,5535.24,2022-09-26
PMT0000509,L000123,6067.74,2024-09-08
PMT0003023,L000755,11262.84,2023-10-26
PMT0000935,L000236,"$2,437.02",2024-07-17
PMT0001299, L000324 ,12488.79,2024-08-05
PMT0001237,L000312,14890.3,2024-09-01
PMT0001240, L000313 ,"2,950",2025-12-13
PMT0003454,L000862,1860.34,2022-10-01
PMT0000734,L000186,10010.44,2023-11-29
PMT0000844, L000212 ,4181.86,2023-07-14
PMT0004493,L001124,"4,447",2023-04-29
PMT0003088,L000776,5338.35,2025-06-14
PMT0003325,L000833,237200.89,07-May-2023
PMT0001361,L000338,15929.77,2024-09-01
PMT0004045,L001007,25082.44,2024-01-25
PMT0001558,L000387,763.06,2023-04-24
PMT0000925,L000234,3048.59,2025-08-23
PMT0001840,L000460,1336.92,2024-12-28
PMT0002337,L000586,6763.78,2024-10-28
PMT0001289,L000322,5070.72,2025-07-11
PMT0000319,L000079,2945.59,2024-03-13
PMT0004985,L001250,5013 CAD,2025-01-16
PMT0004815,L001204,3842.56,2025-09-29
PMT0003504,L000874,5533.79,2024-03-02
PMT0002610,L000650,14554.73,2023-11-23
PMT0002509, L000627 ,1756.64,2024-11-14
PMT0001623,L000408,8851.68,2024-02-26
PMT0003421,L000855,24831.12,2024-05-28
PMT0001489,L000369,10332.67,2022-12-08
PMT0002757,L000686,46740.62,2024-12-13
PMT0001867,L000465,8430.56,2025-01-24
PMT0003774,L000937,3814.42,2023-04-16
PMT0001778, L000445 ,1783.59,2023-02-01
PMT0004222,L001048,14006.24,2024-08-10
PMT0001130, L000287 ,5690.72,2023-05-06
PMT0000859,L000218,7401.05,2023-01-29
PMT0002587,L000644,1023.92,2023-02-25
PMT0000740,L000187,3371.72,2024-12-25
PMT0003562,L000887,22348.17,2023-07-30
PMT0001474,L000365,7448.73,2025-09-18
PMT0001201,L000304,9327.23,2024-02-19
PMT0000792,L000197,4612.78,2025-07-30
PMT0001311, L000326 ,3078.82,2022-06-21
PMT0002271,L000569,23508.56,2023-01-08
PMT0001730,L000434,3441.3,2026-02-06
PMT0003024,L000755,10357.17,2023-11-29
PMT0004923,L001234,8161.23,2024-01-09
PMT0004980,L001248,11730.86,2023-03-26
PMT0000266,L000063,14828.25,2025-03-24
PMT0004718,L001182,7818.91,2025-06-20
PMT0003431,L000856,"$8,080.93",2023-02-05
PMT0001385,L000343,6696.12,2024-07-02
PMT0004778,L001197,10455.0,2025-02-15
PMT0004497,L001125,5512.67,2023-02-11
PMT0001367,L000339,2633.11,2026-03-04
PMT0002226,L000557,5090.22,2025-03-02
PMT0000785,L000196,2096.88,2025-02-10
PMT0000331,L000084,10344.45,2024-05-27
PMT0003224,L000805,1356.61,2024-03-05
PMT0000675,L000168,54981.54,2022-09-22
PMT0002698,L000669,2274.2,2024-07-17
PMT0001684,L000422,10495.99,2024-05-08
PMT0002135,L000531,12127.11,2023-07-04
PMT0003597, L000895 ,24683.26,2024-10-29
PMT0001627,L000409,2435.0,2024-02-27
PMT0001069,L000266,3233.51,2026-01-07
PMT0000551,L000132,12040.4,2023-11-29
PMT0002693,L000668,1560.79,2023-08-14
PMT0003481,L000869,3580.3,2024-01-11
PMT0003385,L000847,4246.66,2024-04-12
PMT0003042,L000763,4605.58,2022-10-21
PMT0001788,L000447,4235.11,2024-04-11
PMT0001736,L000435,13008.42,2025-07-23
PMT0001638,L000411,10616.5,2023-07-11
PMT0002245, L000561 ,838.33,2022-04-09
PMT0003515,L000876,"$8,249.56",2024-04-08
PMT0002906,L000725,3007.8,2024-06-05
PMT0002771,L000690,7399.5,2024-05-08
PMT0004871,L001219,6152.16,2024-09-14
PMT0002830,L000703,4637.02,2025-02-06
PMT0002640,L000657,13895.99,2024-06-30
PMT0001705,L000426,"$23,975.04",2025-04-10
PMT0004848,L001214,nan,2024-08-03
PMT0001625,L000408,8408.12,2024-06-16
PMT0000946,L000238,4078.61,2024-01-20
PMT0001397,L000346,5106.44,2023-06-20
PMT0002093,L000521,6732.91,2023-12-23
PMT0004297,L001070,10089.47,2024-12-13
PMT0003327,L000834,1165.61,2024-10-17
PMT0002485,L000622,3821 CAD,2024-03-12
PMT0003125,L000785,18276.0,2023-12-25
PMT0004902,L001229,,2025-09-15
PMT0001764,L000443,42818.13,2023-05-28
PMT0002524,L000630,4453.42,2024-10-22
PMT0003282,L000820,8889.93,2025-01-31
PMT0004847,L001214,16616.82,08/23/2025
PMT0000619,L000149,6574.39,2025-01-11
PMT0002769,L000690,4199.71,2023-11-14
PMT0000863,L000218,7734.39,2023-05-21
PMT0003218,L000804,"4,420",2024-10-17
PMT0004764,L001195,4967.34,2022-07-30
PMT0002807,L000698,22442.64,2025-07-11
PMT0002805,L000698,21964.71,2025-07-30
PMT0003242,L000811,9225.38,2024-06-03
PMT0001002, L000251 ,6577.85,2022-09-17
PMT0000816,L000206,45290.46,2023-03-08
PMT0003894,L000968,12784.27,2023-09-22
PMT0001690,L000423,12027.31,2024-01-24
PMT0001337,L000333,2947.94,2024-05-30
PMT0004741,L001189,17500 CAD,2023-08-15
PMT0003212,L000803,2938.93,2024-09-16
PMT0004304,L001071,12906.87,2022-09-02
PMT0001243,L000313,2768.84,2026-02-04
PMT0002763, L000688 ,12233 CAD,2024-11-09
PMT0000278,L000066,13109.62,2023-04-29
PMT0004093,L001017,3823.09,2023-04-16
PMT0001418, L000352 ,10264.45,2023-08-25
PMT0000005,L000001,5233.78,2023-10-31
PMT0003976,L000991,5692.0,2023-09-05
PMT0001538,L000382,841.42,2023-04-14
PMT0004641,L001159,"3,872",2025-04-23
PMT0002607,L000650,8663.07,2023-03-14
PMT0001972,L000490,8618.41,2024-05-13
PMT0000800,L000199,-20778.15,2023-03-17
PMT0001164,L000296,7882.02,2023-07-24
PMT0003721,L000926,nan,2024-02-16
PMT0004321,L001077,8009.63,2026-01-31
PMT0001683,L000421,21862.96,2024-10-25
PMT0004515,L001131,6002.73,2022-10-13
PMT0004592,L001148,25182.97,2024-05-10
PMT0001040, L000260 ,6557 CAD,2024-08-07
PMT0002329,L000585,4539.49,2023-08-26
PMT0002372,L000595,6601.45,2024-07-16
PMT0001321, L000329 ,15695.5,2025-08-22
PMT0000982,L000245,11395.58,2023-12-19
PMT0000787,L000196,5391.91,2024-07-31
PMT0004395,L001094,7790.76,2025-09-27
PMT0003494,L000871,10779.19,2026-01-25
PMT0004053,L001009,4286.39,2024-07-11
PMT0003067,L000772,4558.48,2025-07-15
PMT0004313,L001074,24203.85,2023-09-20
PMT0003588,L000892,1004.86,2024-01-24
PMT0000927,L000235,8827.72,2024-07-14
PMT0000900,L000229,14884.58,11/04/2024
PMT0004178, L001039 ,6531.05,2024-11-24
PMT0004325,L001078,8005.03,2024-04-10
PMT0004704,L001178,7684.98,2022-10-25
PMT0003675,L000913,1956.41,2022-11-06
PMT0001560,L000387,-2022.75,2024-08-28
PMT0002617,L000653,6437.55,2026-02-04
PMT0000604,L000145,8692.72,05/08/2025
PMT0002341,L000587,9956.67,2025-01-01
PMT0003900,L000969,2498.72,2024-03-16
PMT0004761,L001194,4062.35,2023-07-03
PMT0000984,L000246,6942.13,2024-10-26
PMT0001379,L000342,9597.96,2022-11-28
PMT0002091,L000521,4576.59,2025-07-09
PMT0003780,L000938,16796.48,2023-08-29
PMT0000369,L000091,18811.28,2025-07-17
PMT0000388,L000098,4101.11,2025-05-06
PMT0002656,L000660,11858.54,2023-05-02
PMT0000877,L000222,11049.07,2023-12-20
PMT0002542,L000633,3404.78,2023-06-18
PMT0003517, L000876 ,8466.66,2023-06-27
PMT0004301,L001070,2637.51,2023-07-28
PMT0004454,L001114,20793.51,2024-06-03
PMT0000013,L000003,1657.15,2025-02-25
PMT0000187,L000047,10012.54,2022-10-22
PMT0001255,L000315,53178.02,2023-06-07
PMT0004241,L001053,20413.86,2024-02-10
PMT0003499,L000872,3872.13,2025-05-21
PMT0004952,L001243,7815.91,2024-11-09
PMT0000107,L000027,815.93,2025-05-11
PMT0000727,L000184,1751.42,2024-06-17
PMT0001732,L000434,6158.28,2026-05-01
PMT0001128,L000287,8526.42,2024-02-16
PMT0003012,L000750,3322.6,2024-01-24
PMT0002211,L000553,65202.02,2022-11-26
PMT0001848,L000461,3976.17,2024-08-09
PMT0000513,L000124,5690.34,2025-05-29
PMT0000868,L000220,32045.06,2024-08-26
PMT0003686,L000915,"$6,111.79",2024-01-07
PMT0000333, L000084 ,9228.24,2024-01-30
PMT0002596, L000646 ,23659.57,2023-06-05
PMT0002660,L000661,8554.89,2025-01-13
PMT0000639,L000155,9320.7,2023-03-09
PMT0002638,L000657,8483.14,2025-07-06
PMT0003725,L000926,"$2,866.79",2023-06-26
PMT0000517, L000125 ,"$4,387.43",2023-12-21
PMT0001839,L000460,4060.9,2025-04-07
PMT0002500,L000625,7200.68,2022-12-12
PMT0002082,L000518,13508.86,2022-11-25
PMT0001088,L000274,4166.25,05-Mar-2024
PMT0000548,L000131,6343.73,
PMT0003045,L000764,5371.58,2025-07-10
PMT0003411,L000852,15445.25,2024-03-18
PMT0003456,L000862,3036 CAD,2022-05-13
PMT0002455,L000615,7425.01,2024-08-17
PMT0003945,L000984,1661.36,2023-08-05
PMT0003019,L000752,15134.85,2024-01-01
PMT0002537,L000633,1250.7,2023-07-31
PMT0004660,L001165,3788.28,2025-07-05
PMT0000135,L000034,13420.99,2024-05-24
PMT0003533,L000879,3461.09,2023-08-21
PMT0001800,L000450,22134.97,2025-02-26
PMT0004232,L001051,16788.47,2025-02-19
PMT0001812,L000452,"9,550",2024-07-22
PMT0002152,L000536,112757.71,2023-04-24
PMT0000098,L000024,"$3,846.86",2023-07-15
PMT0003474,L000865,4971.8,2023-12-30
PMT0002755,L000685,26688.35,2024-06-13
PMT0003658,L000909,15492.86,2023-02-01
PMT0002053,L000511,7434.48,2024-05-12
PMT0000762,L000191,5075.51,2023-08-08
PMT0001343,L000334,14355.88,2023-06-01
PMT0002716,L000673,"5,962",2022-09-13
PMT0004836,L001210,28976.22,2023-05-13
PMT0001603,L000401,2982.95,2023-05-25
PMT0003733,L000929,8889.56,2022-07-18
PMT0004219,L001048,"$11,884.37",2025-01-29
PMT0004774,L001196,2442.0,2023-09-19
PMT0001049,L000262,"2,826",2024-06-15
PMT0000082,L000021,111199.38,2024-06-29
PMT0003460,L000863,21414 CAD,2024-05-28
PMT0004647, L001162 ,45302.15,2023-09-23
PMT0003703, L000920 ,4044.04,2022-07-13
PMT0002254,L000563,2636.87,2025-05-08
PMT0003573,L000889,10087.4,2024-10-23
PMT0003437, L000859 ,4706.62,2025-01-19
PMT0001444,L000359,18756.39,2023-09-19
PMT0001661,L000416,4704.92,2024-06-07
PMT0001835, L000459 ,11602.81,2022-11-23
PMT0003500,L000873,53304.84,2024-02-15
PMT0001058,L000264,29182.37,2025-08-24
PMT0002711,L000671,3376.77,2024-01-15
PMT0000564,L000136,3243.16,2024-06-20
PMT0001404,L000349,12288.93,2024-05-25
PMT0002533, L000632 ,10679.11,2023-07-13
PMT0004527,L001132,1218.05,2025-02-28
PMT0001083,L000272,13502.17,2022-08-31
PMT0002928,L000730,15349.59,2023-03-27
PMT0003880,L000963,8080.14,2025-03-20
PMT0002811,L000699,2305.07,2024-03-03
PMT0004244,L001054,unknown,2023-12-08
PMT0001529,L000380,1145.31,2023-07-29
PMT0004243, L001054 ,11881.9,2022-12-12
PMT0002650,L000659,9775.54,2022-08-14
PMT0002089,L000521,5943.78,2024-01-23
PMT0000653,L000160,17530.37,2023-07-31
PMT0000476, L000117 ,33138.32,not available
PMT0004645,L001161,"28,510",2024-10-09
PMT0002098,L000523,5813.41,2023-04-19
PMT0000902,L000229,"$15,673.61",2023-12-16
PMT0001697,L000424,20974.68,2024-12-31
PMT0003798,L000942,1157.39,2024-07-01
PMT0004903,L001229,8699.54,2025-08-07
PMT0001504,L000373,1720.63,2024-09-10
PMT0004173, L001037 ,1112.85,2024-07-13
PMT0002736,L000678,3540.58,2022-12-05
PMT0000270,L000064,7568.68,2023-06-01
PMT0004885,L001221,"$1,239.87",2024-07-28
PMT0001825,L000457,29602.58,2024-02-12
PMT0003475,L000866,9770.51,2024-03-28
PMT0004745,L001190,"12,210",2023-08-22
PMT0004687,L001173,,2024-02-09
PMT0004575,L001145,-5730.55,2023-10-16
PMT0004300,L001070,3444.27,2024-06-28
PMT0004797,L001201,5029.37,2024-05-04
PMT0002678,L000665,26912.45,2023-06-24
PMT0002795, L000696 ,16565.52,2023-02-22
PMT0003916,L000975,7567.99,
PMT0003486,L000870,7535.09,2024-09-06
PMT0003889,L000967,4454.01,2024-09-04
PMT0000567,L000136,3404.6,2023-04-07
PMT0001758, L000441 ,"3,658",2025-09-02
PMT0004893,L001225,17504.07,2024-09-05
PMT0004435,L001106,8961 CAD,2024-02-19
PMT0001956,L000487,8048.96,2025-11-20
PMT0004450,L001111,13766.37,not available
PMT0001467,L000363,3547.47,2023-11-29
PMT0001744,L000437,11495.0,04/06/2025
PMT0000418,L000103,41819.39,2024-01-15
PMT0001986,L000493,"$6,029.30",2024-03-21
PMT0003295,L000824,3396.74,not available
PMT0003354,L000840,3514.94,2024-11-06
PMT0001445,L000359,"28,892",2025-01-28
PMT0003885,L000965,"25,288",2024-07-23
PMT0002942,L000732,6541.34,2024-01-07
PMT0001552,L000385,13884.66,2023-09-01
PMT0004021,L001001,11031.15,2024-02-20
PMT0002748,L000680,"12,564",2024-05-17
PMT0000909,L000230,4665.41,2022-09-19
PMT0003542,L000882,"$1,878.83",2023-06-10
PMT0002790,L000695,11294.35,2024-09-01
PMT0004845,L001214,16836.77,2024-08-27
PMT0003246,L000811,2835.8,2022-12-10
PMT0004012,L000999,8780.37,not available
PMT0004382,L001092,3240.41,2024-10-18
PMT0000937,L000236,1549.77,2023-06-06
PMT0003273,L000817,3907.31,2024-08-30
PMT0004390,L001093,3649.94,2024-03-14
PMT0003954,L000986,7781.08,2024-02-08
PMT0001649,L000415,5932.47,2025-04-13
PMT0000966,L000242,4504.18,2024-01-12
PMT0000744,L000188,9765.19,2023-05-12
PMT0000811,L000203,9323.14,2023-07-25
PMT0001616,L000404,39319.79,2024-01-27
PMT0004462,L001117,11810.45,not available
PMT0000628,L000150,10189.08,2023-08-30
PMT0000760,L000191,7937.21,2022-11-20
PMT0003585,L000892,884.59,2024-02-17
PMT0002080,L000517,13385.98,24-Nov-2025
PMT0003046,L000764,"$5,568.64",2024-09-10
PMT0003571, L000889 ,8894 CAD,2025-08-11
PMT0001733,L000435,14837.56,2026-04-05
PMT0001155,L000293,7612.71,2024-10-15
PMT0001382,L000343,5640.47,2023-07-08
PMT0002875,L000713,5069.59,11-Apr-2025
PMT0000022,L000004,4402.91,20-Jul-2023
PMT0001163,L000296,3543.62,2022-10-29
PMT0004686,L001173,5327.78,2024-03-21
PMT0003248,L000812,7729.68,2024-08-01
PMT0000780,L000194,24862.67,2022-08-04
PMT0002328,L000585,4179.65,2024-06-05
PMT0001728,L000433,15938.92,2025-10-26
PMT0002766,L000688,8010 CAD,2025-05-20
PMT0004952,L001243,7815.91,2024-11-09
PMT0000540,L000130,7231.13,2025-10-01
PMT0001805,L000451,8930.94,2023-07-18
PMT0001592,L000398,10351.69,2024-04-03
PMT0004678, L001171 ,19720.81,2024-12-16
PMT0003040,L000761,16663.01,2025-01-20
PMT0004108,L001020,6117.45,2023-11-21
PMT0000075,L000017,2339.58,2023-11-02
PMT0000360,L000089,2615.66,2023-04-12
PMT0002321,L000584,12351 CAD,2023-06-06
PMT0000239,L000058,unknown,2026-01-30
PMT0004408,L001097,76321.6,2024-02-07
PMT0003298, L000824 ,3629 CAD,2022-11-22
PMT0003368,L000843,10701.64,2023-05-06
PMT0004861,L001217,44229.73,2024-06-08
PMT0002956,L000736,4479.32,2024-08-28
PMT0004407,L001097,121781.2,2023-09-25
PMT0002276,L000570,13222.74,2024-07-09
PMT0002759,L000687,3281.97,2026-02-09
PMT0003548,L000884,3072.96,2025-01-20
PMT0002820,L000701,1170.82,2023-12-15
PMT0001735,L000435,12939.01,2026-01-11
PMT0004487,L001123,31810.09,01/12/2025
PMT0001182,L000300,7633.72,2023-07-26
PMT0000242,L000059,7329.5,2023-09-27
PMT0004174,L001037,595.1,2024-04-08
PMT0003709,L000922,7205.59,2025-10-01
PMT0000864,L000218,6696.15,2023-10-08
PMT0004020,L001001,13601.65,2023-10-11
PMT0000336,L000085,"2,484",2024-03-23
PMT0001000, L000250 ,4791.11,06/22/2025
PMT0002225,L000557,5279.35,2024-11-21
PMT0001089,L000274,2114.13,2023-04-23
PMT0000828,L000209,4928.86,2024-01-20
PMT0002387,L000597,1916.98,2023-07-18
PMT0002403,L000601,16787.29,2024-12-03
PMT0000631,L000152,2423.7,05/30/2024
PMT0000688,L000171,2607.3,12-Aug-2023
PMT0002594,L000645,1224.65,2025-10-06
PMT0003059,L000768,36183.06,2023-05-10
PMT0002161,L000538,2732.1,2025-02-26
PMT0003540,L000881,6864.51,2022-08-19
PMT0002831,L000703,"$5,817.11",2025-08-09
PMT0003405,L000851,3476.91,2022-05-23
PMT0001459,L000362,1969.09,2022-07-04
PMT0004267,L001063,3520.63,2025-08-05
PMT0002445,L000611,19371.11,2024-07-03
PMT0002406,L000601,15252.22,27-Nov-2024
PMT0002777,L000691,3746.6,2023-09-13
PMT0004475,L001119,13971.95,2025-09-09
PMT0001391, L000345 ,1948.79,2024-06-23
PMT0004246,L001054,11634.53,2023-12-26
PMT0003029, L000757 ,20269.53,2023-07-21
PMT0003859,L000959,17124.43,2024-08-22
PMT0002692,L000668,1958.31,2023-08-09
PMT0000595,L000143,8879.35,2023-10-04
PMT0004387,L001093,"1,390",2024-07-30
PMT0002946,L000733,3384.92,2022-07-11
PMT0000646,L000158,19571.25,2022-12-22
PMT0001952,L000486,23255.23,2023-06-13
PMT0001626, L000408 ,17018.9,2025-11-16
PMT0003011,L000750,3315.91,2024-02-23
PMT0002550,L000637,10072.39,2022-12-05
PMT0003014,L000751,6073.93,2024-09-22
PMT0004929,L001235,4118.2,2025-08-10
PMT0001562,L000387,1971.24,2023-10-05
PMT0004269,L001063,8289.12,2024-11-13
PMT0002645,L000658,35779.07,2023-12-26
PMT0004631,L001157,3864.27,2023-04-09
PMT0000095,L000024,3137.6,2022-06-29
PMT0001282,L000321,3651.82,2023-04-26
PMT0002361,L000593,"$5,750.03",2024-05-13
PMT0002264,L000566,14070.12,2025-12-15
PMT0004569,L001142,34187.43,2023-06-01
PMT0001044,L000260,5764.18,2024-06-30
PMT0004031,L001004,"$2,093.17",2024-06-23
PMT0002107,L000525,3029 CAD,2023-05-01
PMT0003833,L000953,12407.27,2023-10-28
PMT0001231,L000311,6204.11,2024-09-24
PMT0003077,L000774,33898.01,2024-05-31
PMT0003324,L000832,9609.1,2023-07-10
PMT0002434,L000609,$548.41,2026-02-09
PMT0003839,L000954,2167.44,2025-02-09
PMT0000752,L000189,8620.34,2023-09-28
PMT0002353,L000592,3216.66,2023-10-23
PMT0000430,L000106,3462 CAD,2024-03-27
PMT0001381,L000343,5408.25,2023-06-27
PMT0000640,L000155,19174.27,2022-08-16
PMT0003066,L000771,"$41,829.24",2023-02-23
PMT0002475,L000619,3163.81,2022-09-09
PMT0002301,L000577,7932.16,2025-05-31
PMT0000303,L000074,10858.39,2024-07-10
PMT0001317,L000328,5394.38,2024-08-05
PMT0004376,L001091,7793.29,2023-01-09
PMT0003352,L000839,13414 CAD,2023-05-16
PMT0003070,L000772,4471.28,2025-01-17
PMT0002671, L000663 ,9070.26,2023-01-19
PMT0002086,L000520,4585.81,2023-10-24
PMT0004562,L001140,"$60,522.98",2025-07-20
PMT0004670,L001168,3209.29,2025-11-16
PMT0000467,L000115,4571.93,2023-03-26
PMT0004036,L001005,2874.76,2024-03-29
PMT0000233,L000057,40089.83,2025-01-18
PMT0004875,L001220,2627.27,2024-10-17
PMT0002588,L000644,1645.46,2024-01-21
PMT0003975,L000991,6313.97,2022-12-25
PMT0003556,L000885,3534.72,2026-01-25
PMT0000089,L000023,7637.35,2025-12-18
PMT0001692,L000423,13518.62,2024-12-25
PMT0000172,L000043,1131 CAD,2024-04-22
PMT0001509,L000374,5007.33,2023-07-22
PMT0002019,L000503,7889.56,2022-11-29
PMT0001463,L000363,4835.05,2025-01-01
PMT0003626,L000902,6125.48,2023-01-23
PMT0004854,L001215,14147.11,2024-07-26
PMT0001269,L000319,18393.82,30-Mar-2023
PMT0002448,L000612,2490.93,2024-01-17
PMT0000954,L000240,15979.43,2022-03-05
PMT0002454,L000615,8995.23,2024-07-06
PMT0001168,L000297,"5,842",2023-10-07
PMT0003867,L000961,30425.98,2025-07-13
PMT0001765,L000443,47496.02,2023-05-30
PMT0003635,L000904,4391.82,2023-10-03
PMT0004391,L001093,1615.4,2024-01-20
PMT0001189,L000302,8582.9,2023-10-27
PMT0001009,L000253,12168.74,2024-06-27
PMT0004307,L001072,13446.42,2025-07-27
PMT0004728,L001185,"$26,665.36",2023-12-21
PMT0001107,L000280,6849.92,
PMT0003096,L000778,7032.78,2024-05-26
PMT0001568,L000389,6541.23,2023-12-16
PMT0001117,L000284,26999.73,2022-06-07
PMT0001473,L000365,3214.9,2025-08-21
PMT0000244, L000059 ,7319.7,2023-04-21
PMT0001757,L000441,3693 CAD,2025-05-17
PMT0002006,L000498,28752.43,2025-08-20
PMT0004981,L001249,3739.02,2025-02-19
PMT0003665,L000911,9405.84,2024-09-30
PMT0001729,L000433,"$17,365.28",2025-11-20
PMT0003401,L000850,1077.4,2025-03-08
PMT0002371,L000595,8221.67,2025-01-08
PMT0002262,L000566,6062 CAD,2024-06-10
PMT0000845,L000212,2174.19,2023-10-28
PMT0000736,L000187,4348.75,2025-01-24
PMT0004309,L001072,16106.49,2024-05-25
PMT0004651,L001162,41241.95,2023-10-03
PMT0002218,L000554,1240.44,2025-10-26
PMT0002468,L000617,15467.31,2024-07-04
PMT0001492,L000370,18714.2,2024-11-01
PMT0000362,L000090,4437.05,12-Sep-2023
PMT0000255,L000062,5893.0,2022-07-30
PMT0003330,L000834,949.1,2025-01-03
PMT0001932,L000479,16354.4,2023-09-16
PMT0002931,L000730,7087.61,2023-05-02
PMT0002761,L000687,5004.67,2026-02-19
PMT0001543,L000383,6558.53,2023-12-23
PMT0002079, L000516 ,994.06,2025-06-19
PMT0003000,L000746,10421.53,2025-08-23
PMT0004832,L001209,"$5,200.10",2022-07-29
PMT0001101, L000277 ,17118.33,2024-03-09
PMT0002012,L000501,9809.57,2024-05-13
PMT0001561,L000387,844.97,2023-07-23
PMT0003392,L000849,805.67,2024-03-04
PMT0004026,L001003,4248.46,2023-05-25
PMT0003334,L000835,25246.92,2025-08-18
PMT0004127,L001025,66191.54,2024-10-13
PMT0002832,L000703,4731.9,2025-06-30
PMT0000729,L000186,9044.2,2024-09-17
PMT0004566, L001141 ,17170.91,2023-08-10
PMT0001431,L000356,4758.38,2025-05-24
PMT0004171, L001037 ,608.55,2023-07-30
PMT0002205,L000552,9668.64,2023-06-12
PMT0000274,L000065,30214.81,
PMT0001695,L000424,9687.24,2024-02-27
PMT0004905,L001229,8202.68,2025-11-05
PMT0000260,L000062,15986.89,2022-05-09
PMT0002596, L000646 ,23659.57,2023-06-05
PMT0000775,L000193,8309.64,23-Oct-2022
PMT0003471,L000865,14009.12,2024-08-08
PMT0004028, L001003 ,5212.69,2024-01-09
PMT0003206,L000803,2904.69,05/02/2025
PMT0003928,L000980,"$5,912.95",2024-09-24
PMT0000838,L000211,1254.31,2024-07-26
PMT0000350,L000088,7981.02,2024-12-16
PMT0002243,L000561,731.51,2023-03-29
PMT0004849,L001214,16792.53,2024-08-11
PMT0003140,L000788,3557.63,2024-10-28
PMT0001320,L000329,15850.5,2025-05-14
PMT0000460,L000114,19942.54,2024-08-18
PMT0000377, L000095 ,11068.23,2025-06-16
PMT0001245,L000313,2470.82,2025-01-20
PMT0004229,L001050,15997.18,2025-03-03
PMT0001884,L000469,7292.53,2023-10-05
PMT0004293,L001069,17562.39,2024-09-02
PMT0002644,L000658,37674.41,2024-08-24
PMT0004950,L001242,17496.18,2024-10-06
PMT0001064,L000265,"$5,937.48",2024-05-19
PMT0001377,L000342,7657.45,2022-11-24
PMT0001442,L000358,6336.6,2023-03-20
PMT0004265,L001061,7044.51,2024-02-17
PMT0001803,L000451,"$8,698.69",2024-09-08
PMT0002813,L000699,1317.05,2023-05-09
PMT0004617,L001154,51491.16,26-Oct-2023
PMT0002815,L000699,1857.54,2023-03-20
PMT0002673,L000663,"$7,991.76",2023-01-26
PMT0003142,L000788,"$2,209.18",2026-01-27
PMT0003770,L000936,8311.23,2025-09-21
PMT0001567,L000389,nan,2025-01-14
PMT0004339,L001081,1642.79,2024-10-22
PMT0003175,L000795,734.56,2023-05-13
PMT0004623, L001155 ,6067.26,2024-08-31
PMT0002441,L000610,7526.98,2025-07-04
PMT0003968, L000989 ,9954.74,2024-05-07
PMT0002304,L000577,6487.83,2024-12-23
PMT0002242,L000561,394.47,2024-01-03
PMT0003714,L000924,,2024-11-19
PMT0004800,L001201,6784.21,2023-08-23
PMT0001162,L000296,2904.05,2023-06-07
PMT0001179,L000299,39767.67,2023-11-23
PMT0001608,L000403,8183.94,2022-08-04
PMT0003371,L000844,3726.65,2022-04-24
PMT0004606,L001151,7584.86,2025-04-16
PMT0004889,L001224,3383.37,2025-11-15
PMT0003978,L000991,5679.11,2022-11-19
PMT0001594,L000399,41649.6,2024-12-21
PMT0000534,L000129,6455.46,2024-08-18
PMT0004412,L001098,8781.0,2024-04-21
PMT0001111,L000282,70017.66,2022-12-29
PMT0001640,L000411,4355.28,2023-11-20
PMT0004833, L001209 ,7447.92,2023-04-26
PMT0004564,L001140,65374.95,2025-04-19
PMT0002417, L000603 ,2596.09,2022-12-02
PMT0000259,L000062,7832.58,2022-06-14
PMT0004870,L001219,10360 CAD,2023-02-03
PMT0003891,L000967,2421.81,2023-06-18
PMT0004001,L000997,1256.85,2024-07-02
PMT0004124,L001024,2294.76,2024-08-01
PMT0002284,L000572,9271.91,2024-12-20
PMT0004459,L001116,2141.32,2024-12-06
PMT0000143,L000036,15932.46,2022-11-28
PMT0000256,L000062,14402.33,2023-02-07
PMT0001110,L000281,6566.57,2023-08-28
PMT0004302, L001071 ,-10220.91,2023-07-23
PMT0000443,L000108,7172.61,2025-05-21
PMT0000583,L000140,3238.45,2025-05-09
PMT0001134,L000287,7779.76,2023-10-01
PMT0001873,L000466,4001.86,2024-05-18
PMT0002593,L000645,712.16,2025-03-09
PMT0001453,L000361,13742.0,04/07/2025
PMT0003563,L000887,28119.53,2023-06-24
PMT0002598,L000647,1945.21,2025-03-10
PMT0001814, L000453 ,23983.32,2024-02-21
PMT0002575,L000642,775.81,2024-07-15
PMT0004254,L001057,2511.67,2025-08-08
PMT0002040,L000509,6786.36,2022-12-02
PMT0000466,L000115,1926.65,2024-01-14
PMT0004284,L001066,4347.12,2024-04-13
PMT0004768,L001195,3187.07,2023-02-09
PMT0000482,L000118,13610.11,2025-07-16
PMT0002210,L000553,59289.76,2023-06-19
PMT0004247, L001055 ,17055.95,2023-12-30
PMT0003322,L000832,7644.19,2023-10-10
PMT0004734,L001188,"3,845",2023-02-23
PMT0003902,L000970,8910.08,2023-10-25
PMT0004003, L000997 ,837.88,2025-06-28
PMT0002435,L000609,553.6,2025-02-08
PMT0003539,L000881,2091.05,2023-08-05
PMT0004523,L001132,1284.5,2025-06-27
PMT0001844,L000461,4197.83,2024-07-01
PMT0003118,L000782,5279.09,2022-11-07
PMT0003771,L000936,14798.82,2024-03-27
PMT0004613, L001154 ,51723.11,2023-09-03
PMT0001992,L000494,7520.38,2025-11-07
PMT0003895,L000969,7011.59,2023-03-06
PMT0004943,L001239,9533.73,2023-02-16
PMT0004694,L001175,2286 CAD,10/24/2025
PMT0002710,L000671,1734.02,2024-04-20
PMT0000538,L000129,6924.79,2024-08-18
PMT0004466, L001118 ,"1,589",2023-06-24
PMT0004763,L001195,3579.61,2023-05-26
PMT0000712,L000179,2827.74,2024-01-07
PMT0002108,L000525,3655.19,2023-07-07
PMT0004150,L001031,6707.43,2022-08-06
PMT0002808,L000698,21024.86,2024-07-25
PMT0000056, L000013 ,4319.54,2022-11-30
PMT0000956,L000240,14648.59,2024-01-02
PMT0004402,L001095,6268.92,2024-08-07
PMT0004696,L001176,24545.27,2024-12-22
PMT0003594,L000894,1530.9,2025-08-22
PMT0000442,L000108,"5,966",2024-05-20
PMT0003935,L000981,1383.59,2024-08-22
PMT0002419,L000604,6328.96,2024-03-08
PMT0003831,L000952,17800.4,not available
PMT0003946,L000984,4969.67,2023-10-18
PMT0004688, L001173 ,7693 CAD,2025-05-27
PMT0004570,L001142,34916.46,2024-12-21
PMT0000251,L000061,1854.74,2023-09-14
PMT0003089,L000776,6873.42,2024-01-11
PMT0001997,L000495,"24,654",2025-10-27
PMT0004529,L001133,3507.22,2024-03-05
PMT0002615,L000652,26453.31,2024-11-27
PMT0002955,L000736,"4,630",2025-11-16
PMT0002462,L000616,1647.71,2024-06-23
PMT0004949,L001242,43232.69,2024-11-05
PMT0001804,L000451,7279.64,2024-07-20
PMT0003319,L000830,28905.66,2025-04-23
PMT0002153,L000537,1153.21,2025-03-02
PMT0001006,L000252,4949.03,2022-06-05
PMT0003726,L000927,8230.72,2023-12-29
PMT0004424,L001104,2433.1,2023-02-06
PMT0003864,L000959,11489.96,2024-12-22
PMT0002573,L000642,1265.19,2024-10-29
PMT0000705,L000177,23855.07,2025-01-24
PMT0002834,L000703,"$3,086.81",2025-04-07
PMT0002526,L000631,20468.7,2023-11-26
PMT0004446,L001110,31409.04,2023-11-08
PMT0004656,L001164,26388.55,2023-11-02
PMT0003841,L000954,2110.81,2024-04-21
PMT0002355,L000592,2760.67,2023-02-02
PMT0004143,L001029,1853.19,2025-11-21
PMT0004447,L001111,"13,335",2025-09-19
PMT0002630,L000655,26883.97,2023-01-12
PMT0001869,L000466,5353.18,2022-10-30
PMT0002458,L000615,5907.54,2024-09-30
PMT0000490,L000120,"12,174",2024-09-06
PMT0002364,L000593,5383.93,2024-10-24
PMT0001471,L000365,4138.66,2025-01-18
PMT0003679,L000914,4212.28,2024-07-24
PMT0000265,L000063,7606.86,2024-01-29
PMT0001920,L000477,5275.49,2022-12-25
PMT0004276,L001065,1170.95,2025-12-28
PMT0000561,L000135,33270.57,2023-04-22
PMT0003090,L000777,20075.63,2024-02-18
PMT0001067,L000266,3916.48,2024-11-01
PMT0002384,L000597,1050.67,2023-11-22
PMT0001573,L000390,9755.7,2024-08-11
PMT0001017,L000254,8505.19,2024-12-05
PMT0001036,L000259,13039.13,2025-02-25
PMT0004676,L001170,22524.41,2024-07-19
PMT0001929,L000479,"$16,495.20",2023-10-18
PMT0000017,L000004,3986.53,2024-12-19
PMT0000818,L000207,1778.09,2023-04-01
PMT0001900,L000472,22209.76,2026-03-09
PMT0004717,L001182,5587.33,2025-04-13
PMT0000248,L000060,8244.88,2023-06-30
PMT0003159,L000792,83716.2,2022-09-24
PMT0003187,L000798,"22,146",2022-09-19
PMT0004156,L001032,14394.03,2024-02-12
PMT0002916,L000726,7737.78,10-Nov-2024
PMT0003852,L000957,16387.88,2023-02-15
PMT0000215,L000053,7351.01,18-Dec-2024
PMT0002451,L000613,15194.56,2025-05-20
PMT0000191,L000048,"27,266",2024-02-05
PMT0001687,L000422,10912.27,2023-02-22
PMT0002078,L000516,1563.29,10/16/2024
PMT0000615,L000148,29566.1,2024-02-28
PMT0002385,L000597,1194.92,2024-04-22
PMT0002655,L000660,11369.59,2023-11-13
PMT0004353,L001084,82328.25,2024-10-18
PMT0000040,L000008,1800.98,2024-07-03
PMT0002164,L000539,24289.92,2025-08-18
PMT0002918,L000727,3387.74,2023-03-13
PMT0001925,L000477,5794.22,2022-05-23
PMT0002480,L000621,8011.04,2024-07-10
PMT0003004,L000748,2480.01,2025-04-12
PMT0002228,L000557,6529.16,2024-07-24
PMT0001239,L000313,1294.21,2024-03-30
PMT0000502,L000122,5341.96,2023-04-20
PMT0004044,L001007,23951.6,2024-07-28
PMT0002812,L000699,1469.56,2023-03-09
PMT0002816,L000700,4760.72,2024-04-03
PMT0004381,L001091,21403.04,2023-01-23
PMT0003943,L000983,38128.42,2024-05-29
PMT0004579,L001146,3572.46,2025-03-01
PMT0000301,L000073,23328 CAD,2026-01-03
PMT0003854,L000958,8707.27,2024-11-29
PMT0003104,L000779,12837.04,2022-09-23
PMT0004480,L001121,18043.03,2025-01-17
PMT0003601,L000896,"$5,481.87",2025-04-23
PMT0003982,L000992,1041.01,2023-08-15
PMT0003167,L000794,5195.09,2023-07-15
PMT0000963,L000242,3187.91,2023-12-19
PMT0002961,L000737,2812.0,2025-04-17
PMT0004181, L001039 ,4355.88,2024-05-26
PMT0003583,L000891,17299.02,2024-06-23
PMT0001801,L000450,"17,701",05/14/2024
PMT0000872,L000221,9305.4,2024-06-16
PMT0002659,L000661,"$8,556.35",2025-04-10
PMT0002482,L000621,2532.24,2024-04-25
PMT0002312,L000579,2545.74,2024-05-09
PMT0002267, L000568 ,"$5,500.09",2023-08-14
PMT0000820,L000207,"4,513",2022-12-15
PMT0002011,L000501,19229.33,2025-08-08
PMT0000307,L000076,11981.16,2025-01-07
PMT0000142,L000035,303,2025-08-03
PMT0004273,L001064,13648.04,2023-10-07
PMT0003518,L000877,12487.35,2024-11-15
PMT0001156,L000294,55520.88,2023-09-05
PMT0002259, L000565 ,716.32,2025-05-19
PMT0004616,L001154,51737.0,2024-10-28
PMT0003627,L000902,2425.42,2023-06-10
PMT0000117,L000028,2835.88,not available
PMT0000706,L000177,23616.08,2026-02-04
PMT0004470,L001119,13810.92,07/20/2024
PMT0003433,L000857,"$6,431.83",2024-01-19
PMT0004571,L001143,33545.49,2024-11-11
PMT0004828,L001209,4864.54,2023-08-18
PMT0000087,L000023,4700.1,2025-05-22
PMT0003482,L000869,7311.29,02/05/2024
PMT0002623,L000654,3700.1,2023-07-25
PMT0001870,L000466,4263.18,2024-05-09
PMT0004674,L001169,66114.47,2023-06-13
PMT0001268,L000319,15787.46,2024-08-01
PMT0000996,L000250,1802.12,2024-01-31
PMT0004911,L001230,1209.31,2023-11-24
PMT0002646,L000658,33307.88,2023-11-13
PMT0002386,L000597,nan,not available
PMT0000588,L000141,24598.25,2024-02-16
PMT0003951,L000986,10607.1,2025-06-12
PMT0002717,L000674,6604.25,2023-03-29
PMT0000782,L000195,15070.77,2024-02-12
PMT0003565,L000888,4583.75,2023-09-20
PMT0004421,L001103,20478.14,2025-08-05
PMT0000778,L000194,27371.49,2023-01-29
PMT0003030,L000757,22994.77,2023-06-08
PMT0002392,L000598,14676.65,2024-03-31
PMT0003564,L000888,5090.5,2022-11-23
PMT0000781,L000195,17255.12,2025-03-31
PMT0002446,L000611,51374.48,2025-05-16
PMT0000650,L000160,"$17,194.59",2023-03-21
PMT0003006,L000749,39731.54,2023-01-05
PMT0001316,L000328,4838.27,2024-04-16
PMT0003493,L000871,13997.71,2026-04-29
PMT0002393,L000598,14217.16,2023-05-27
PMT0004201,L001045,984.65,2025-02-28
PMT0004928,L001235,5560.92,2025-01-18
PMT0003728,L000928,1606.27,2025-02-21
PMT0004426,L001104,3597.04,2023-04-03
PMT0002823,L000702,568.63,2022-08-06
PMT0000254,L000061,4712.09,2022-06-27
PMT0000431,L000106,"8,055",2023-05-21
PMT0000874,L000221,10291.31,2024-03-16
PMT0000205, L000051 ,8062.26,2024-09-25
PMT0003165,L000793,1029.59,2025-10-02
PMT0000099,L000025,5392.82,2023-12-15
PMT0004844,L001213,2673.6,2025-06-28
PMT0002064,L000514,"$10,479.15",2023-08-08
PMT0002263,L000566,13651.12,2024-05-19
PMT0000397,L000100,1505.3,2023-12-07
PMT0001406,L000349,11612.65,2024-05-11
PMT0003400,L000850,1975.69,2025-07-05
PMT0004379,L001091,18542.98,2023-02-18
PMT0001494,L000371,7629.36,2023-02-04
PMT0000817,L000206,50890.67,2024-03-05
PMT0003122,L000784,25899.44,07/23/2025
PMT0000026,L000006,9141.03,2024-10-14
PMT0001770,L000444,12711.21,2022-09-22
PMT0000943,L000238,1446.43,2024-08-21
PMT0002201, L000550 ,5231.34,2023-04-23
PMT0004359,L001085,unknown,2024-12-18
PMT0002726,L000676,3567.67,2023-04-29
PMT0000565,L000136,3355.0,2022-11-21
PMT0004369,L001088,3305.02,2025-12-01
PMT0004958,L001244,16842.15,2024-01-05
PMT0000643,L000156,11581.33,2023-05-07
PMT0004750,L001193,20609.51,2025-05-04
PMT0000799,L000199,17890.85,2023-04-15
PMT0000113,L000028,1737.12,2023-10-15
PMT0000327,L000080,8538.91,2022-08-17
PMT0004204,L001045,961.44,2025-06-05
PMT0001355,L000337,"$7,030.66",2023-11-10
PMT0000893,L000226,10412.65,2024-02-24
PMT0000212,L000052,unknown,2025-06-11
PMT0000978,L000244,5796 CAD,2023-02-13
PMT0003713,L000923,41247.15,2024-04-27
PMT0003341,L000837,18751.22,2022-08-07
PMT0004589,L001147,3609.67,2023-12-14
PMT0000179,L000045,"7,693",12/30/2023
PMT0000293,L000070,3971.16,2024-04-28
PMT0002310,L000579,4805 CAD,2025-10-28
PMT0002336,L000586,8503.59,2024-03-13
PMT0004207,L001046,3660 CAD,2024-02-04
PMT0000803,L000201,1699.69,2025-03-05
PMT0002625,L000654,"2,245",2024-11-06
PMT0002314,L000580,39744.65,2025-02-25
PMT0002249,L000562,23236 CAD,2022-12-23
PMT0001911, L000475 ,9548.54,2025-03-31
PMT0001871,L000466,8313.79,2023-06-30
PMT0002154,L000537,-2758.79,2024-12-05
PMT0001935,L000480,6079 CAD,01/06/2023
PMT0000632,L000153,10465.1,2024-11-23
PMT0004080,L001014,"3,154",2024-02-08
PMT0002882,L000714,3546.08,2024-09-14
PMT0002697,L000669,2008 CAD,2026-03-21
PMT0001588,L000397,25159.25,2025-05-03
PMT0001773,L000444,"10,805",11/18/2022
PMT0003569,L000888,2536.18,2023-01-20
PMT0004867,L001218,4379.44,2022-12-01
PMT0002564,L000640,11718.72,22-May-2023
PMT0000511,L000124,2641.36,2025-02-21
PMT0002444,L000610,"$2,984.29",2024-11-25
PMT0001995,L000494,17776.73,2024-09-07
PMT0003999,L000996,"4,768",2022-12-16
PMT0004404,L001095,6223.75,2024-06-15
PMT0002377,L000596,10723.14,2025-11-08
PMT0000848,L000215,64123.48,2025-01-07
PMT0003241,L000810,3126.26,2024-06-05
PMT0001483,L000367,"$5,553.38",2023-03-11
PMT0001487,L000368,11658.31,2025-04-21
PMT0000802,L000200,10535.41,2024-11-04
PMT0002902,L000723,54627.6,2024-05-16
PMT0003742,L000931,29230.34,2024-03-26
PMT0003648,L000907,3396.87,2023-07-09
PMT0003141,L000788,-4176.88,
PMT0000602,L000144,1508.0,2024-03-16
PMT0001822,L000455,34595.49,2024-02-04
PMT0001012,L000253,13730.18,2024-06-19
PMT0000668,L000164,11115.07,2026-03-18
PMT0004596,L001149,2292.61,2023-09-10
PMT0001470,L000364,25096.68,2024-08-10
PMT0002567,L000640,7130.02,2024-12-08
PMT0003590,L000893,16052.65,2025-03-23
PMT0004251,L001056,11028.72,2024-10-18
PMT0003377, L000845 ,"$9,127.40",2023-01-12
PMT0000131,L000032,18080.99,2024-05-27
PMT0004116,L001022,6083.48,2025-06-02
PMT0003527,L000878,6584.41,2023-08-31
PMT0003977,L000991,"$10,016.78",2023-06-22
PMT0002922,L000728,2417.76,2024-05-09
PMT0001612,L000403,7732.13,2023-10-01
PMT0003469,L000865,13374.23,2025-02-12
PMT0004820,L001207,18235.69,2023-11-30
PMT0003188,L000798,unknown,2023-01-14
PMT0001326,L000330,5623.41,2024-10-17
PMT0004956,L001244,19239.47,2022-10-24
PMT0001039,L000259,"10,905",2023-07-30
PMT0002058,L000512,961.3,2025-09-29
PMT0004478,L001121,20169.84,03/11/2024
PMT0001264,L000317,-1775.5,2025-03-07
PMT0000388,L000098,4101.11,2025-05-06
PMT0000970,L000243,10833.29,2023-04-20
PMT0001895,L000471,15418.81,2024-09-30
PMT0001981,L000492,4436.31,2024-01-23
PMT0002270,L000569,13955.94,2022-09-22
PMT0003843,L000955,8680.0,2025-02-02
PMT0001071,L000266,3856.55,2024-05-19
PMT0003271,L000816,12497.11,2024-06-20
PMT0003439,L000859,4005.67,2025-10-14
PMT0001979,L000491,2685.44,2023-02-15
PMT0002857,L000709,4426.99,2023-08-14
PMT0001987,L000493,4250.85,2024-02-12
PMT0003445,L000860,12823.3,2026-02-10
PMT0003389,L000848,26698.92,2024-04-05
PMT0001005,L000252,5309.9,2022-10-12
PMT0003537,L000881,2186.89,2023-05-09
PMT0003278,L000818,6694.96,2024-08-23
PMT0000612,L000146,22220.56,2025-11-20
PMT0000123,L000030,5391.69,2025-08-03
PMT0000535,L000129,6538.16,2025-01-17
PMT0000206,L000051,12489.62,2025-02-13
PMT0001435,L000356,7468 CAD,2024-03-07
PMT0003078,L000774,25980.02,2024-11-12
PMT0003809,L000946,7245.68,2023-11-09
PMT0004398,L001094,7378.75,2025-11-01
PMT0003119,L000783,27601.72,2024-11-28
PMT0001380,L000342,9131.07,2022-09-16
PMT0003710,L000922,19130.98,2024-08-23
PMT0004972,L001247,6142.08,2022-11-22
PMT0001905, L000474 ,2709.25,2025-04-30
PMT0001137,L000289,10257.53,2023-07-06
PMT0001330,L000332,11933.13,2023-08-02
PMT0004311,L001073,5884.27,2023-05-31
PMT0003640,L000905,18146.8,12/06/2024
PMT0003363,L000843,11751.72,2024-12-03
PMT0000146,L000036,15157.49,2023-11-21
PMT0003652,L000908,8813.32,2024-02-14
PMT0003413,L000852,5751.28,2025-05-13
PMT0002028,L000506,10175.79,2022-09-06
PMT0001584,L000396,4606.64,2023-07-13
PMT0000558,L000134,26435.37,
PMT0004445,L001110,21567.37,2023-11-30
PMT0003685,L000915,7866.35,2024-06-09
PMT0001177,L000298,1167.44,2023-08-28
PMT0001710, L000427 ,7733.69,2025-04-18
PMT0000576,L000139,962.96,2024-10-27
PMT0000743,L000188,4047.67,2024-05-21
PMT0003580,L000890,1755.73,2023-12-26
PMT0004910,L001230,1468.39,2022-11-11
PMT0001373,L000340,44544.83,2023-08-25
PMT0003524,L000878,"6,458",2024-03-19
PMT0000400,L000100,2018.44,2024-02-17
PMT0000023,L000005,11274.57,2025-12-11
PMT0002347,L000589,4305.21,2023-08-06
PMT0002129,L000529,72969.74,2023-05-29
PMT0004389,L001093,2099.91,2023-10-02
PMT0002998,L000746,8083.76,2024-06-30
PMT0000486,L000119,24446 CAD,2024-08-31
PMT0003194,L000799,1264.56,2023-09-25
PMT0001748, L000438 ,3405.76,2025-01-28
PMT0001129,L000287,10698.92,2023-10-29
PMT0001359,L000338,15375.19,2025-07-13
PMT0004918,L001231,5319.78,2023-03-23
PMT0002908, L000725 ,2725.79,2023-04-26
PMT0004425,L001104,3389.26,2024-03-07
PMT0002124,L000528,2054.85,2025-07-08
PMT0004134,L001027,7520.63,2022-12-23
PMT0002464,L000616,1984.73,2023-08-22
PMT0000114,L000028,2894.13,2022-10-30
PMT0001108,L000280,9096.59,2022-05-07
PMT0001371,L000340,47982.24,2023-01-09
PMT0001569,L000389,6510.31,2024-06-02
PMT0003901,L000969,4047.44,2022-12-26
PMT0000600, L000144 ,,2022-12-28
PMT0002186,L000547,3245.74,2023-10-20
PMT0004858,L001216,"$48,545.95",2025-03-26
PMT0003954,L000986,7781.08,2024-02-08
PMT0004163,L001034,15670.68,2024-08-15
PMT0002568,L000640,3136.69,2024-02-08
PMT0002747,L000680,11929.06,2025-03-18
PMT0004436,L001106,9133.51,2025-05-01
PMT0004037,L001005,4699.28,2024-06-18
PMT0000325,L000080,7676.49,2023-05-14
PMT0001413,L000350,1415.39,2024-05-07
PMT0004494,L001124,6777.78,2023-12-02
PMT0004586,L001147,"$3,222.89",2024-05-02
PMT0002783,L000694,1613.32,2026-01-01
PMT0002841,L000705,2970.04,2025-03-06
PMT0004663,L001165,1548.49,2024-09-17
PMT0004509,L001129,3392 CAD,2024-09-03
PMT0002031,L000507,2802.19,2024-09-25
PMT0003312,L000827,9438.99,2024-09-19
PMT0002340,L000587,27684.25,2024-09-27
PMT0003477, L000867 ,-13770.82,2024-01-21
PMT0000139,L000035,191.02,2024-05-11
PMT0003552,L000884,3641.16,2024-08-12
PMT0004149,L001031,10573.89,14-Mar-2023
PMT0002809,L000698,19694.42,05-Apr-2025
PMT0004593,L001148,23141.46,2024-11-10
PMT0003256,L000813,7236.93,2024-03-16
PMT0001922, L000477 ,6169.86,2023-08-25
PMT0003570,L000889,8091.2,2026-02-13
PMT0001761,L000441,2869.7,2025-08-03
PMT0000320,L000079,4127.02,2022-11-24
PMT0001210,L000306,14628.77,2024-08-24
PMT0004965,L001245,17677.97,2025-11-06
PMT0000819,L000207,1733.41,2023-05-19
PMT0003567,L000888,2010.47,2024-02-18
PMT0003484, L000869 ,9927.36,2022-09-08
PMT0003008,L000750,2765.2,2023-03-02
PMT0001712,L000427,4176.46,2024-07-09
PMT0003022,L000754,"$24,343.12",2025-08-05
PMT0003152,L000790,14086.12,2025-03-10
PMT0003172,L000794,4566.71,2023-12-30
PMT0002871,L000712,6888.7,2025-12-29
PMT0000337,L000085,2292.96,2023-11-02
PMT0003404,L000851,2471.92,2022-06-01
PMT0003346,L000837,13266.57,04/01/2023
PMT0003882,L000965,11382.97,2025-07-06
PMT0000044,L000009,"1,038",2024-09-02
PMT0003333,L000835,26880.23,2024-02-07
PMT0000846,L000213,9598.29,2024-02-23
PMT0000655,L000160,19811.61,12-Dec-2022
PMT0000080,L000020,3208.15,2024-12-20
PMT0002735,L000678,1728.02,2022-10-07
PMT0000826,L000208,1242.56,2024-01-06
PMT0000060,L000014,18608.98,2023-01-16
PMT0002990,L000745,1714.45,2023-01-01
PMT0004119,L001023,5103.87,2024-08-15
PMT0001085,L000273,5495.98,2022-08-09
PMT0003038,L000760,21295.68,2023-11-15
PMT0001439,L000358,7516.24,2023-05-08
PMT0003390,L000849,1283.45,2022-10-16
PMT0001595,L000400,2742.84,2023-11-13
PMT0000723,L000184,"2,190",2024-06-18
PMT0002059,L000512,466.81,2024-10-11
PMT0000869, L000221 ,30710.68,2023-07-17
PMT0001556,L000387,1577.39,21-Jul-2023
PMT0002056,L000512,1259.14,2024-06-21
PMT0000341,L000086,4396.76,2023-11-26
PMT0004839,L001212,-60065.82,2024-11-25
PMT0002165,L000540,42685.11,2025-11-27
PMT0002534,L000632,13033.56,2024-04-09
PMT0002862,L000711,3621.39,2025-10-12
PMT0003991,L000993,19877 CAD,2023-08-14
PMT0001209,L000306,14999.29,2026-01-28
PMT0001480,L000367,7318.8,2024-10-10
PMT0002140,L000532,8190.81,2024-05-06
PMT0003638,L000904,"4,973",2024-02-16
PMT0000726,L000184,1324.76,2024-05-31
PMT0004561,L001139,13974.95,2024-08-12
PMT0000488,L000119,8211.96,16-Jul-2024
PMT0002833,L000703,2060.42,2024-08-19
PMT0002261,L000565,2475.14,2025-07-04
PMT0000149,L000037,4673.03,2023-04-27
PMT0002051,L000510,-12134.69,2023-08-25
PMT0003874,L000963,6253.38,2023-02-30
PMT0002224,L000556,41314.05,2023-10-04
PMT0002632,L000655,10839.5,2023-06-20
PMT0000029,L000006,12433.45,2023-12-08
PMT0001931, L000479 ,15860.47,2023-10-24
PMT0001020,L000255,3070.29,2024-07-11
PMT0001074,L000268,5007.72,2024-07-15
PMT0004635,L001159,3373.19,2023-12-17
PMT0003231,L000807,4510.75,2023-08-13
PMT0000928,L000235,3496.91,2023-01-23
PMT0003049,L000764,11985.53,2025-07-15
PMT0002389,L000598,13153.73,2023-03-13
PMT0002382,L000597,1252.34,2024-02-17
PMT0001874,L000466,7459.95,2024-05-14
PMT0001881,L000468,13444.1,2024-02-10
PMT0000410,L000102,3871.24,2024-04-05
PMT0001716,L000428,12058.17,2024-04-27
PMT0000076,L000018,60275.83,2023-05-22
PMT0000478,L000117,32422.25,2024-04-07
PMT0004055,L001009,6094.69,2024-10-09
PMT0003250,L000812,12872.96,2025-03-24
PMT0003261, L000815 ,6680.7,2025-03-10
PMT0002924,L000728,4395.88,2023-03-16
PMT0004256,L001057,3290.76,2025-02-20
PMT0001702,L000425,-15327.28,2025-05-08
PMT0004091,L001017,3981.65,2022-11-23
PMT0002844,L000706,13960.47,2025-12-28
PMT0004945,L001240,31909.65,2023-06-26
PMT0004553,L001138,17235.16,2023-11-14
PMT0004033,L001004,3221.64,2024-12-19
PMT0004842,L001213,-2228.07,2024-08-21
PMT0001259,L000316,4879.85,2025-08-18
PMT0002792,L000695,12727.49,2024-12-25
PMT0002528,L000631,5592.44,2025-01-02
PMT0003331,L000834,1621.42,2024-12-12
PMT0002298,L000575,23516.12,2024-11-10
PMT0004543,L001136,952.59,2025-02-13
PMT0002405,L000601,15738.73,2025-07-13
PMT0003551,L000884,"3,424",2024-01-03
PMT0002592,L000645,872.04,2026-02-16
PMT0002432,L000608,10696.12,2023-12-23
PMT0001596,L000400,3015.1,2024-11-09
PMT0003007,L000750,1305.98,2023-05-12
PMT0003516,L000876,"10,719",2023-09-01
PMT0002212,L000553,71341.11,2022-11-03
PMT0004640,L001159,1223.84,2024-06-01
PMT0000052,L000011,6892.94,2023-06-06
PMT0003237,L000809,10971.25,2024-03-11
PMT0003376,L000845,8178.05,2022-09-04
PMT0002229,L000557,7320.22,2025-03-06
PMT0000328,L000081,91009.83,2024-06-20
PMT0004081,L001014,8247.11,2023-10-21
PMT0000025,L000006,4468.27,2024-01-14
PMT0004906,L001230,2752 CAD,2023-07-06
PMT0004458,L001116,2234.32,2024-12-16
PMT0003600,L000896,5934.9,2023-09-12
PMT0002497,L000624,10032.52,2024-11-09
PMT0002900,L000722,23069.17,2024-11-22
PMT0002358,L000592,1236.89,2024-03-26
PMT0002525,L000630,8371.78,2024-05-01
PMT0000247,L000060,"8,342",2023-05-26
PMT0003456,L000862,3036 CAD,2022-05-13
PMT0003178,L000795,1666.07,2022-11-01
PMT0000737,L000187,2603.7,2024-01-03
PMT0003751,L000933,-1965.25,2024-07-25
PMT0002791,L000695,11292.99,2025-05-24
PMT0003321,L000831,46865.99,2023-07-17
PMT0002013,L000502,44556.43,2023-12-25
PMT0000385,L000097,41507.44,2023-12-31
PMT0003641,L000905,-13122.01,2025-08-23
PMT0002571,L000641,24794.56,2023-11-22
PMT0004890,L001224,4577.53,2024-04-07
PMT0003595,L000894,3244.53,2024-05-23
PMT0004567,L001142,37177.91,2024-08-17
PMT0000777, L000194 ,15743.85,2023-12-25
PMT0003374,L000845,6330.2,2024-02-13
PMT0000599,L000144,829.66,2023-12-15
PMT0000916,L000232,5608.41,2025-03-22
PMT0001376,L000342,6080.76,2024-04-11
PMT0000243,L000059,6602.02,2022-11-07
PMT0003577,L000890,3107.98,2023-08-28
PMT0004497,L001125,5512.67,2023-02-11
PMT0000756,L000190,4104.32,2023-12-13
PMT0002253,L000563,2058.09,2025-05-11
PMT0004775,L001196,6264.53,2023-06-09
PMT0001984,L000492,9714.61,2022-10-24
PMT0001677,L000420,"$3,565.92",2023-05-27
PMT0001254,L000315,,2024-07-22
PMT0001945, L000484 ,5077.34,2023-03-15
PMT0000793,L000197,5411.11,2025-06-26
PMT0000456,L000113,4266.08,2023-08-25
PMT0001118,L000285,"$6,170.23",2022-04-11
PMT0003905,L000971,33800.41,2023-09-18
PMT0003719,L000925,1216.1,10-Oct-2022
PMT0003204,L000802,10814.74,2024-01-06
PMT0002488,L000622,4014.01,2024-11-10
PMT0000933,L000235,9872.84,2023-01-18
PMT0002586,L000644,2783.19,2023-02-28
PMT0004277, L001065 ,2886.64,2024-07-23
PMT0004310,L001073,4228.36,2024-12-08
PMT0003668,L000911,7670.32,2023-12-06
PMT0001425, L000354 ,21326.75,2022-12-03
PMT0001682,L000421,30621.64,2023-12-10
PMT0002984,L000743,2753.99,2023-10-23
PMT0003193,L000799,3653 CAD,2024-02-11
PMT0003631,L000903,28739.3,2022-11-25
PMT0000016,L000004,4681.72,2023-09-14
PMT0004681,L001172,11949.06,2023-01-20
PMT0004908,L001230,1613.57,2023-03-19
PMT0002895,L000720,56299.71,2025-01-29
PMT0001030,L000258,16130.05,2025-09-12
PMT0001921,L000477,5085.46,2023-06-05
PMT0003337,L000836,27892.05,2025-06-25
PMT0000104,L000026,20761.32,2025-08-08
PMT0000521, L000126 ,18311.85,2024-06-04
PMT0004076,L001013,12487.95,2023-03-01
PMT0004615,L001154,50675.94,2023-07-18
PMT0004776,L001197,10221.86,2023-11-12
PMT0004102,L001019,1469.55,2024-05-24
PMT0001360,L000338,14700 CAD,2025-05-30
PMT0001913,L000476,8679.18,2024-08-09
PMT0002941,L000732,6230.26,2024-05-17
PMT0003642,L000905,16588.15,2024-07-16
PMT0002883,L000715,120257.96,2025-03-14
PMT0004025,L001003,7819.91,2024-03-30
PMT0001993,L000494,7911.45,12/07/2025
PMT0003315,L000828,21854.49,2023-10-10
PMT0001769,L000444,"$12,761.53",2023-05-29
PMT0003417,L000853,10854.2,2023-01-20
PMT0004351,L001083,9386.97,2024-01-02
PMT0000108,L000027,1073.63,2024-11-03
PMT0000425,L000105,18509.62,2024-04-01
PMT0003847,L000956,10263.89,2025-05-11
PMT0001056,L000263,23851.19,2025-03-25
PMT0004507,L001129,3588.53,2024-12-17
PMT0003107,L000779,12220.94,2023-07-31
PMT0002639,L000657,15803.28,2024-12-20
PMT0004403,L001095,5107.0,2025-09-03
PMT0003609,L000898,2817.72,2022-08-27
PMT0001174,L000298,1395.34,2023-03-28
PMT0001408,L000349,11922.92,2025-07-11
PMT0003466, L000864 ,8080.21,2024-10-06
PMT0004200,L001045,1090.65,2025-10-19
PMT0001800,L000450,22134.97,2025-02-26
PMT0001621,L000407,14873.32,2024-06-07
PMT0000280,L000067,7689 CAD,2025-05-22
PMT0001686,L000422,"$4,104.86",2023-11-06
PMT0004068,L001012,6235.13,2024-12-04
PMT0003464,L000864,9145 CAD,2024-11-04
PMT0002315,L000581,7418.53,2024-01-10
PMT0003914,L000975,13662.3,2022-12-26
PMT0004109,L001020,5790.29,2023-10-05
PMT0004752, L001193 ,22906.8,2025-11-07
PMT0001340,L000334,24513.11,2024-03-28
PMT0003870,L000961,36969.15,2026-02-28
PMT0003844,L000955,8664.69,2023-11-28
PMT0004744,L001189,8443.06,2025-03-17
PMT0003269,L000816,12811.85,2025-05-05
PMT0003860,L000959,9006.82,2025-08-20
PMT0000947,L000238,3734.84,2024-11-14
PMT0004787,L001199,2219 CAD,2023-03-06
PMT0000503,L000123,5505.92,2025-11-26
PMT0001851,L000462,7587.06,2022-02-28
PMT0002197,L000550,4232.22,2024-02-12
PMT0000995,L000249,8270.55,2025-02-17
PMT0003785,L000939,8372.41,2023-08-02
PMT0003076, L000773 ,"$9,037.09",2023-09-17
PMT0004264,L001061,7614.35,2023-09-27
PMT0001785,L000446,8963.1,2025-06-30
PMT0003693,L000919,1633.45,2024-11-06
PMT0004793,L001200,1521.22,2024-11-17
PMT0000158,L000039,4343.31,2023-10-18
PMT0001553,L000386,"$6,936.33",2022-08-13
PMT0002997,L000746,5160.4,2024-06-05
PMT0004289, L001068 ,28531.18,2024-04-05
PMT0004070,L001012,5416.28,2025-08-02
PMT0000750,L000189,10309.02,2024-05-01
PMT0003961, L000987 ,8651.54,2024-10-20
PMT0002141,L000532,6960.32,2024-06-01
PMT0004005,L000997,1582.44,2025-05-20
PMT0003149,L000790,16238.39,2025-04-20
PMT0001717,L000429,144226.86,2025-11-01
PMT0004373,L001089,"22,299",2022-10-12
PMT0003820,L000949,4478.07,2024-06-27
PMT0004679,L001171,35944.45,08/23/2023
PMT0002958,L000736,1915.0,2024-09-18
PMT0000480,L000117,34208.39,2023-05-18
PMT0003282,L000820,8889.93,2025-01-31
PMT0001706,L000427,7460.61,2024-10-23
PMT0001678,L000421,22172.77,2023-03-05
PMT0002518,L000629,2398.23,2023-08-26
PMT0002926,L000728,5246.31,2024-05-12
PMT0001617,L000405,10544.34,2022-09-22
PMT0004637,L001159,2854.44,2024-03-24
PMT0001007,L000253,16088.56,2024-06-07
PMT0004900,L001229,7934.32,2024-07-26
PMT0004576,L001145,"10,151",2023-09-24
PMT0003309,L000827,5413.59,2024-05-05
PMT0004808,L001203,2216.22,2023-08-02
PMT0003557,L000885,4881.8,2024-05-29
PMT0000343,L000087,5378.18,2024-12-23
PMT0004813,L001204,2230.9,2025-12-07
PMT0001306,L000326,1921.24,2023-05-17
PMT0001061,L000265,5674.44,2024-03-14
PMT0004968,L001246,"$4,980.25",2025-01-05
PMT0003623,L000901,"9,884",2023-12-25
PMT0002907,L000725,2517.38,2023-11-22
PMT0004492,L001124,5386.25,2023-07-07
PMT0004417,L001102,6704.0,30-Mar-2025
PMT0001679,L000421,27137.2,2023-04-04
PMT0000960,L000241,7391.71,2024-10-02
PMT0000345,L000087,5253.38,2024-07-19
PMT0004186,L001041,9102.06,2024-12-28
PMT0002110,L000526,35878.75,2024-08-25
PMT0004643,L001160,15633.27,2025-04-17
PMT0004078,L001013,"10,876",2023-07-23
PMT0001285,L000322,4011.64,2024-07-12
PMT0001917,L000476,4454.8,2023-07-28
PMT0000428,L000106,4152.79,2022-11-12
PMT0000389,L000098,2957.01,2024-01-13
PMT0000175,L000043,634.88,2025-08-06
PMT0001079,L000270,9388.31,2023-11-29
PMT0001622,L000407,10581.77,2024-11-11
PMT0002773,L000690,3887.79,2024-07-14
PMT0003767,L000936,18146.07,2024-05-30
PMT0001498,L000372,3257.19,2024-11-05
PMT0003424,L000855,25965.1,2025-01-29
PMT0000438, L000107 ,7209.77,2023-03-16
PMT0000484,L000118,12113.46,2023-12-01
PMT0001073,L000268,8324.79,2024-03-13
PMT0002145,L000534,18480.2,2024-12-26
PMT0003018,L000752,9975 CAD,2024-06-06
PMT0003614, L000898 ,4131.45,2022-09-24
PMT0002776,L000691,3163.74,2022-05-03
PMT0001555, L000386 ,5105.54,2024-03-08
PMT0003651, L000908 ,5119.18,2024-10-17
PMT0001663,L000417,2857.32,2025-06-06
PMT0004801,L001201,9648.43,2023-10-20
PMT0003005,L000748,4200.41,2025-10-13
PMT0003808,L000946,10786.01,2024-02-05
PMT0003453,L000862,5484.06,2023-01-11
PMT0000766,L000192,1347.19,2023-08-22
PMT0000625,L000150,9835.58,2023-02-19
PMT0000465,L000115,2012.35,2022-07-21
PMT0001038,L000259,14367.41,2023-04-22
PMT0004187,L001041,7009.75,2024-09-23
PMT0004270,L001063,"6,388",2024-07-15
PMT0000707,L000177,7790.64,2025-04-06
PMT0003467,L000864,8708.07,2024-09-30
PMT0000296,L000070,2510.27,2024-06-17
PMT0003525,L000878,4336.15,2024-01-27
PMT0002033,L000507,2191.58,2025-09-12
PMT0004054,L001009,6324.79,2024-11-10
PMT0002001, L000497 ,7697.21,2024-08-09
PMT0001570,L000389,unknown,2025-06-24
PMT0001043,L000260,5756.0,2025-01-18
PMT0001345,L000335,2831.86,2024-10-05
PMT0004916,L001231,5449.01,2022-09-13
PMT0002825,L000702,967.44,2023-10-22
PMT0002077,L000516,1360.37,2025-04-08
PMT0000573,L000138,2185.36,2022-10-29
PMT0003158,L000791,14988.53,2024-04-08
PMT0004559,L001138,18259.93,2023-09-04
PMT0000349,L000088,8167.56,2026-02-05
PMT0001824,L000456,"27,143",2024-07-12
PMT0002637, L000657 ,"$17,390.65",2025-02-11
PMT0003957,L000987,8491 CAD,04/04/2025
PMT0001737,L000436,8734.63,2024-03-18
PMT0003436,L000858,21594.16,2025-04-13
PMT0003027,L000755,11141.55,2023-09-24
PMT0001768,L000444,8671 CAD,16-Mar-2024
PMT0001667,L000417,"2,227",2024-12-20
PMT0000979,L000244,4280.75,2022-04-20
PMT0000593,L000142,12436.43,2024-04-25
PMT0000176,L000043,575.55,2024-09-12
PMT0002319,L000582,-2059.75,2023-08-17
PMT0004225, L001049 ,7355.85,2022-11-13
PMT0000989,L000247,2724.48,2023-02-14
PMT0004921,L001233,99765.47,2024-12-29
PMT0003715,L000924,5821.87,2024-11-01
PMT0003801, L000942 ,965.73,2023-10-27
PMT0004959, L001244 ,23047.77,2023-01-07
PMT0000111,L000027,870.46,2024-09-07
PMT0003462,L000864,9791.44,2024-08-22
PMT0004540,L001135,5178.78,2024-01-06
PMT0004924,L001234,3987.42,2024-04-01
PMT0000733, L000186 ,10617.71,2023-07-09
PMT0004147,L001030,33595.93,2024-02-27
PMT0002216,L000554,2367.31,2024-11-09
PMT0001614,L000403,5146 CAD,2023-09-24
PMT0004831,L001209,6774.47,2023-01-22
PMT0000379,L000095,4931.94,2024-02-20
PMT0003429,L000856,7507.37,2022-11-19
PMT0002681,L000666,8867.1,2023-06-08
PMT0002546,L000635,8035.91,2023-02-12
PMT0001664,L000417,5967.83,2023-12-03
PMT0002801,L000697,"23,181",2025-06-14
PMT0002103,L000524,2621.42,2024-05-21
PMT0004814,L001204,3626.72,2025-03-10
PMT0001493,L000371,3328.47,2023-07-26
PMT0002608, L000650 ,15779.39,2023-04-17
PMT0001883,L000468,11779.38,2024-10-16
PMT0002622, L000654 ,"3,946",2024-12-07
PMT0003960,L000987,7618.9,2025-08-31
PMT0004034,L001004,1046.09,2026-02-19
PMT0003628,L000902,6996.3,2023-01-17
PMT0003105, L000779 ,10444.63,2023-07-21
PMT0002602,L000648,5769.05,2025-05-06
PMT0002009,L000500,13688 CAD,2024-11-26
PMT0004590, L001147 ,3719.32,2023-10-19
PMT0004619,L001154,"$50,666.28",2023-05-30
PMT0001429,L000355,11360.85,2023-12-12
PMT0000870,L000221,15227.51,2023-10-17
PMT0002845,L000706,13649.84,2025-10-30
PMT0001294, L000323 ,4117.64,2025-03-19
PMT0000382,L000095,5837.75,02/09/2024
PMT0004891,L001224,4800.24,2024-02-13
PMT0000546,L000131,"$4,539.43",2026-02-15
PMT0001807,L000452,10261.48,2024-08-07
PMT0001406,L000349,11612.65,2024-05-11
PMT0002144,L000533,8539.78,2025-06-04
PMT0004632,L001157,4496.49,2023-05-31
PMT0002864,L000711,3227.33,2025-04-25
PMT0001365,L000339,1099.53,2026-01-29
PMT0003871,L000962,10408.52,2025-02-21
PMT0003359,L000841,15500.14,2022-07-21
PMT0004723,L001184,23280.62,2024-09-01
PMT0002817,L000700,13854.53,2022-12-21
PMT0002829,L000703,4690.3,2025-03-01
PMT0000245,L000060,7265.42,2024-12-12
PMT0002461,L000616,"1,427",2024-04-30
PMT0003071,L000772,4575.78,2025-04-03
PMT0001152,L000292,25821.28,2025-08-12
PMT0000596,L000143,9849.77,2023-06-10
PMT0000268,L000064,,2023-04-13
PMT0004017,L001000,"2,422",2024-11-19
PMT0002835,L000703,5327.48,2024-08-20
PMT0004727,L001185,26338 CAD,2023-02-06
PMT0002943,L000732,6191.64,2023-10-20
PMT0001145,L000290,9825.95,2023-12-10
PMT0003184,L000797,3370.49,2024-05-09
PMT0002017,L000503,5928.22,2024-01-04
PMT0004719,L001182,10675.26,2025-08-11
PMT0000283,L000067,5715.75,2024-04-07
PMT0002198, L000550 ,2853.34,2022-10-03
PMT0004121,L001024,1656.77,2024-09-16
PMT0000230,L000056,6256.58,2024-04-20
PMT0001257,L000316,6040.3,2024-11-27
PMT0002975,L000740,2049.66,2023-09-13
PMT0001583, L000396 ,4358.82,2022-06-25
PMT0004760,L001194,4253.95,2024-07-28
PMT0000019,L000004,4287.87,2024-01-30
PMT0000083,L000022,4897.18,12/03/2025
PMT0001739,L000436,10391.44,2024-11-13
PMT0004103,L001019,1602.89,2025-06-16
PMT0000450,L000111,3989.92,2025-02-10
PMT0003339, L000836 ,24441.02,2025-09-26
PMT0000530,L000128,5350.15,2023-08-22
PMT0002223,L000555,14248.02,2023-10-16
PMT0004038,L001005,5332.63,2024-07-14
PMT0000120,L000029,17246.4,2023-07-20
PMT0001412,L000350,1603.13,2022-09-30
PMT0003536,L000881,8117.38,2024-05-10
PMT0001947,L000484,6249.88,2022-10-14
PMT0002163,L000539,23097.31,2024-07-18
PMT0000718,L000181,1554.36,2024-06-10
PMT0004071,L001012,6870.12,2025-12-05
PMT0004279,L001065,2224.61,2024-03-19
PMT0002219, L000555 ,12160.34,2024-05-16
PMT0001120,L000285,3435.63,2022-12-07
PMT0001097,L000276,1081.3,2024-08-23
PMT0000784,L000196,"2,428",2023-08-02
PMT0000219,L000054,19092.82,2024-07-16
PMT0000889,L000225,2753.38,2024-09-16
PMT0000015,L000003,1488.55,2024-03-09
PMT0003684,L000915,6061.98,04/25/2025
PMT0001378,L000342,6618.59,2022-12-08
PMT0004707,L001179,7226.11,2024-04-12
PMT0001772,L000444,8668.01,2023-03-21
PMT0004472,L001119,13008.57,2025-12-09
PMT0003169,L000794,4366.69,2022-08-19
PMT0000522,L000126,6927.5,2025-05-20
PMT0004730,L001186,16771.88,2023-07-14
PMT0004946,L001240,13452.09,2023-09-23
PMT0003664,L000911,7846.0,2023-11-03
PMT0003608,L000898,3692.11,2023-05-25
PMT0003448,L000861,19274.5,2023-03-09
PMT0004278,L001065,1100.54,2025-04-04
PMT0001441,L000358,"$7,214.11",2024-05-30
PMT0000453,L000112,6650.48,2024-07-09
PMT0002021, L000504 ,13342.51,2024-12-28
PMT0003201,L000800,10567.01,2022-11-01
PMT0001352,L000336,12213.33,2024-05-09
PMT0004740,L001188,"5,231",2023-04-28
PMT0000758,L000190,2139.34,2024-08-09
PMT0000054,L000013,3638.93,2024-01-05
PMT0000673,L000168,47677.62,2022-07-28
PMT0000794,L000197,7741.36,2024-04-19
PMT0004682,L001172,18861 CAD,2022-06-09
PMT0003756,L000934,3057.46,2025-12-15
PMT0001295,L000323,8412.02,2025-10-19
PMT0002176,L000544,"$2,301.23",2024-09-24
PMT0000804,L000201,3210.18,2025-04-03
PMT0004967, L001246 ,4829.71,not available
PMT0001146,L000291,4773.17,2023-08-22
PMT0000568,L000136,3589.49,2023-07-24
PMT0001536,L000381,38125.72,2024-11-02
PMT0003296, L000824 ,1761.37,2023-11-08
PMT0000188,L000047,9708.16,2024-04-09
PMT0002338,L000586,7661.04,2023-08-05
PMT0000931,L000235,9001.72,2024-01-07
PMT0004117,L001023,8095.55,2024-04-24
PMT0002929,L000730,11359.41,2024-12-21
PMT0001549,L000384,11301.3,2024-03-23
PMT0001266,L000318,"10,488",2024-11-20
PMT0003082, L000775 ,7700.28,2022-04-21
PMT0001318,L000328,7517.27,2025-12-21
PMT0000715,L000180,4507.16,2024-08-25
PMT0002892,L000718,unknown,2024-10-28
PMT0003343,L000837,"$16,659.67",2023-09-29
PMT0004501,L001126,501.83,2023-03-27
PMT0001645,L000413,8264.96,2024-04-16
PMT0003857,L000958,12996.22,2023-12-16
PMT0004122,L001024,934.99,2024-12-02
PMT0004206,L001046,10024.93,2024-01-20
PMT0004585,L001147,3369.45,2023-10-15
PMT0002694,L000668,4078.88,2023-10-06
PMT0000137,L000035,485.19,2024-03-01
PMT0000805,L000201,5266.74,2025-01-18
PMT0003143,L000788,3358.0,2025-01-21
PMT0003723,L000926,2132.54,2024-08-06
PMT0000141,L000035,277.37,2025-01-18
PMT0000891,L000225,6868.81,2023-08-03
PMT0000941,L000237,24000 CAD,2024-09-30
PMT0000741,L000187,4301.58,2024-04-23
PMT0003358,L000841,13712.82,2023-08-26
PMT0000755,L000190,-6997.29,2024-04-20
PMT0000250,L000060,7059.75,2024-02-24
PMT0000691,L000173,8775.55,2024-09-09
PMT0003576,L000890,3853.44,2023-04-11
PMT0001827,L000458,37630.42,2023-08-06
PMT0000415,L000102,5458.46,2025-08-24
PMT0000761,L000191,9177.66,2023-03-27
PMT0004677,L001170,19887.12,2024-07-09
PMT0002495,L000623,"$7,037.82",2024-04-26
PMT0002583,L000643,5861.78,2024-08-21
PMT0001186,L000301,10868.56,2023-11-24
PMT0000189,L000047,6513.4,2022-10-20
PMT0002917,L000727,4187.39,2022-12-24
PMT0001671,L000419,"$3,192.32",2024-06-28
PMT0001890,L000470,2755.36,2024-04-08
PMT0001516,L000376,7351.5,2023-03-21
PMT0002890,L000717,3572.6,2024-05-17
PMT0002770,L000690,7387.65,2023-07-24
PMT0003769,L000936,18004.79,2025-03-24
PMT0003391,L000849,"$1,141.13",2023-02-03
PMT0002460,L000616,"2,400",2024-09-29
PMT0002325,L000584,11241.07,2024-11-01
PMT0000236,L000058,1536.85,2026-03-20
PMT0000498,L000122,4746.4,2024-02-22
PMT0001161,L000296,5427.39,2022-10-28
PMT0000830,L000209,6582.75,2023-03-21
PMT0004675,L001169,30908.71,2023-01-31
PMT0004099,L001018,8768.4,2025-11-29
PMT0000856,L000217,1252.85,2025-07-31
PMT0003113,L000781,15601.47,2025-01-07
PMT0002522,L000630,4673.16,2024-06-30
PMT0000417, L000103 ,48549.16,2023-03-25
PMT0003898,L000969,5923.96,2023-02-27
PMT0000580,L000139,2016.25,2024-06-16
PMT0001606,L000402,"$5,792.40",2024-12-31
PMT0000057,L000013,unknown,2024-07-15
PMT0002960,L000737,2761.59,2025-05-13
PMT0004366,L001088,5406.88,2024-04-30
PMT0001076, L000269 ,67752.59,2022-12-09
PMT0002374,L000595,2654.04,2023-06-13
PMT0004316,L001075,23018.81,not available
PMT0000749,L000189,13122.7,2024-09-13
PMT0000262,L000063,10595.23,2024-03-18
PMT0004790,L001199,3417.71,2022-07-25
PMT0002306,L000578,31636.88,2023-03-04
PMT0000662,L000163,unknown,2025-11-06
PMT0002544,L000634,9817.98,2024-02-08
PMT0001876,L000467,64841.75,2024-04-20
PMT0004392,L001093,3616.52,2024-06-19
PMT0003654,L000908,10582 CAD,2024-02-24
PMT0004261,L001061,5746.73,2022-11-15
PMT0002782,L000693,56550.48,2024-01-22
PMT0000638,L000155,-15770.73,2023-03-14
PMT0001016,L000254,8544.58,2024-01-22
PMT0004179,L001039,7099 CAD,2024-01-27
PMT0001267,L000318,16382.17,2024-08-06
PMT0003856,L000958,-10991.33,2024-07-31
PMT0000126,L000030,nan,2025-06-20
PMT0001103,L000278,38233.13,2025-07-13
PMT0001831,L000459,15240 CAD,2023-03-23
PMT0002105,L000525,"$4,866.75",2023-03-20
PMT0000605, L000145 ,9419.38,2023-09-11
PMT0002730,L000676,3440.08,2024-04-16
PMT0000094,L000024,4000.96,2022-04-23
PMT0000724,L000184,1264.63,2023-11-18
PMT0004503,L001126,635.59,
PMT0002512,L000628,7753.76,2023-06-04
PMT0000672,L000167,33973.71,2023-07-14
PMT0001286,L000322,-4950.42,2026-03-07
PMT0000373,L000092,14007.52,2024-11-24
PMT0002675,L000664,31046.81,2023-07-10
PMT0003754,L000933,3468.12,2024-07-10
PMT0002938,L000732,6841.21,2024-02-07
PMT0000487,L000119,12816.87,2025-10-20
PMT0002481,L000621,4840.04,2023-09-18
PMT0003054,L000766,9894.28,2025-05-20
PMT0000997,L000250,4917.48,2024-03-17
PMT0001001,L000251,7975.7,2023-03-13
PMT0000627, L000150 ,10476.45,2023-03-29
PMT0000738,L000187,1342.26,2025-02-21
PMT0004371,L001089,"22,567",2023-12-07
PMT0001322,L000329,14282.21,2024-12-18
PMT0001951,L000486,21717.99,2023-12-03
PMT0000936,L000236,2085.9,2024-02-28
PMT0003748,L000932,9890.08,2023-09-26
PMT0003186,L000798,27733.58,2023-05-21
PMT0001669,L000418,10640.96,2023-10-06
PMT0003680,L000915,8993.15,2024-01-23
PMT0001907,L000474,"$2,957.13",2025-08-31
PMT0001665,L000417,4649.6,2025-06-08
PMT0002553,L000637,4765.48,2024-05-30
PMT0001139,L000289,10855.49,2023-08-21
PMT0004255,L001057,4910.46,2024-06-25
PMT0002954,L000736,1903.75,2025-02-09
PMT0002772,L000690,5879.63,2023-10-26
PMT0001034,L000259,13307.57,2024-08-30
PMT0002359,L000592,1998.63,2023-07-31
PMT0002599,L000648,10338.98,05-Oct-2024
PMT0000988,L000247,2653.96,2022-12-09
PMT0004672,L001168,6133.13,2026-04-12
PMT0001547,L000384,7282.02,2025-03-16
PMT0001486,L000368,"$10,674.43",2024-09-29
PMT0001407,L000349,10003.69,2023-12-09
PMT0003384,L000846,8590.59,2024-04-15
PMT0003449,L000861,25056.21,06/14/2023
PMT0004514,L001130,12816.85,2026-03-12
PMT0004221,L001048,11411.68,2024-12-14
PMT0004500,L001125,4880.73,2024-04-01
PMT0002865,L000711,"9,459",2025-12-26
PMT0002388,L000598,"15,489",2023-08-18
PMT0002915,L000726,7305.84,2024-09-30
PMT0003757,L000934,4399.77,2024-04-11
PMT0000940,L000237,10631.84,2025-07-02
PMT0003265,L000816,11875.62,2024-07-25
PMT0001132,L000287,10638.08,2024-02-09
PMT0003257,L000813,7763.11,2024-12-22
PMT0000116,L000028,1352.81,2023-11-22
PMT0003706,L000921,3282.45,2024-05-28
PMT0001491,L000370,16841.37,2024-02-19
PMT0000812,L000203,10556.16,2023-04-24
PMT0000921,L000233,4869.83,2024-09-01
PMT0000958,L000241,8071.65,2024-04-18
PMT0002183,L000546,26512.05,2023-08-22
PMT0000629,L000151,10916.1,2024-10-31
PMT0004963,L001245,15335.33,2024-09-17
PMT0002354,L000592,1199.75,2023-11-27
PMT0002038,L000508,21427.7,2024-07-19
PMT0000950,L000239,"7,960",2025-08-23
PMT0000106,L000027,1264.22,2024-08-05
PMT0002499,L000625,5890.61,2022-03-31
PMT0003688,L000916,15095.21,2024-09-02
PMT0000824,L000208,1216.43,2025-05-26
PMT0003872,L000962,18174.45,2024-11-14
PMT0002666,L000662,14144.71,2025-05-22
PMT0004455,L001115,29800.84,2023-06-27
PMT0002708,L000671,"$2,402.53",2025-01-01
PMT0000543,L000130,8160.52,2024-04-27
PMT0004732,L001187,20812.62,2024-03-31
PMT0001740,L000436,4743.03,2023-12-25
PMT0000292,L000070,5091.39,2023-03-06
PMT0002106,L000525,"$4,249.23",2023-12-31
PMT0002234,L000558,5850.87,2024-12-27
PMT0004170,L001037,733.12,2024-05-23
PMT0001983,L000492,6706.49,02/12/2024
PMT0001421,L000352,11903.62,2023-08-31
PMT0001980,L000492,7547.0,2024-02-25
PMT0004805,L001202,62376.52,2022-08-07
PMT0003987,L000992,1926.98,2023-03-20
PMT0000833,L000210,5935.41,2023-10-04
PMT0002014,L000503,7459.03,2024-03-16
PMT0001215,L000308,8964.37,2024-02-01
PMT0001226,L000310,2656.24,2025-03-02
PMT0004942,L001239,3846.25,2023-12-23
PMT0000618,L000149,"10,026",2024-06-18
PMT0003988,L000992,3289.16,2023-05-05
PMT0003274,L000817,10109.25,2022-12-02
PMT0000981,L000245,30933.15,02-Oct-2024
PMT0004846,L001214,19768.07,2024-08-03
PMT0000170,L000042,8882.72,2024-04-08
PMT0004508,L001129,9246.79,2023-11-19
PMT0000613,L000146,7122.26,08/13/2025
PMT0002233,L000558,5435.63,2024-10-06
PMT0003711,L000922,17341.44,2026-01-20
PMT0004582,L001146,4292.18,2025-07-12
PMT0004374,L001090,58967.83,2024-07-12
PMT0000459,L000114,21873.96,2026-03-20
PMT0000222,L000055,6437 CAD,2022-11-11
PMT0003233,L000808,24613.09,2025-04-19
PMT0001272,L000320,1852.0,2024-06-19
PMT0004456,L001116,1925.5,2025-11-04
PMT0000140,L000035,184.43,2023-12-01
PMT0002278,L000570,12352.66,2025-06-04
PMT0001216,L000308,16817.99,2023-05-12
PMT0003822,L000950,10873.92,2024-05-04
PMT0003010,L000750,3167.73,2022-10-22
PMT0000227,L000056,unknown,2022-11-11
PMT0004155,L001032,13722.86,2024-08-11
PMT0004199, L001045 ,668.94,2024-08-09
PMT0002282,L000571,25290.54,2025-10-30
PMT0001853,L000462,7570.78,2022-03-29
PMT0003425, L000855 ,26105.49,2025-05-29
PMT0003969,L000989,"$9,887.90",2023-11-09
PMT0004049,L001008,3001.39,2024-03-17
PMT0002540,L000633,3641.54,2023-09-30
PMT0000899,L000228,10501.15,2024-12-22
PMT0003985,L000992,953.78,2024-07-31
PMT0001523,L000378,8923.74,2023-11-04
PMT0000514,L000124,4897.36,2024-01-15
PMT0004650,L001162,38557.07,2023-02-11
PMT0002727,L000676,3152.36,2023-11-09
PMT0000865,L000219,-3622.63,2025-02-04
PMT0000554,L000132,11533.05,2024-04-09
PMT0004713,L001180,10139.21,2024-08-16
PMT0000354,L000088,8181.71,2026-01-21
PMT0003662, L000910 ,"$4,780.84",2022-09-22
PMT0002431,L000608,4955.35,2024-03-16
PMT0003836,L000954,6827.03,2024-11-09
PMT0002700,L000670,2381.59,2024-10-07
PMT0002297,L000575,15169.12,2023-12-28
PMT0000795,L000197,9045.84,2025-11-10
PMT0003821, L000950 ,unknown,2024-09-24
PMT0000342, L000086 ,"6,587",2023-10-13
PMT0000515,L000124,2011.18,2024-09-24
PMT0001634,L000410,"$12,471.25",2024-03-15
PMT0001966, L000489 ,10586.01,2023-10-04
PMT0002641,L000657,15360.91,2025-07-30
PMT0000526,L000126,12010.18,2024-06-01
PMT0003146,L000789,11933.79,
PMT0004766,L001195,3210.22,2022-11-20
PMT0003816,L000949,4129.98,2023-12-02
PMT0001892,L000470,1485.16,2022-08-19
PMT0003260,L000815,7838.54,2024-04-11
PMT0004248,L001055,17908.64,2022-11-12
PMT0001448, L000360 ,3158.91,2023-05-18
PMT0004380,L001091,6262.46,2022-12-26
PMT0004090,L001017,4249.64,02/15/2024
PMT0000918,L000232,"$2,099.52",2025-08-21
PMT0001399, L000347 ,52762.04,2025-01-11
PMT0002113,L000526,34925.28,2024-09-29
PMT0001670,L000418,3474.32,2024-02-06
PMT0001482,L000367,3214.26,2024-05-23
PMT0003441,L000859,12111.9,2024-09-25
PMT0001096,L000276,1134.28,2023-12-09
PMT0003459,L000863,37647.72,2024-09-23
PMT0002256,L000565,958.22,2025-09-23
PMT0004690,L001174,19672.63,2023-10-18
PMT0000769,L000192,1616.01,2024-02-25
PMT0003584,L000891,18393.8,2024-05-01
PMT0001251,L000314,1765.61,2023-09-10
PMT0004843,L001213,1944.43,2024-07-09
PMT0004572,L001144,12969.59,2025-07-25
PMT0001372,L000340,42701.35,2023-06-24
PMT0000322,L000080,3379.11,2023-06-23
PMT0002305,L000577,2459.89,2026-05-16
PMT0001202,L000305,6864.12,2023-08-16
PMT0003121,L000784,13530.56,2024-10-07
PMT0004136,L001028,14421.9,2025-04-07
PMT0001490,L000369,unknown,2022-09-20
PMT0000368,L000091,16391.77,2024-07-04
PMT0004783,L001198,5600.46,2023-10-18
PMT0004427,L001104,1984.57,08/15/2024
PMT0001901,L000472,16708.21,2024-08-30
PMT0002642,L000658,34119.95,02/06/2024
PMT0002531, L000632 ,9830.9,2024-01-22
PMT0004344,L001082,19049.98,08/11/2024
PMT0002250,L000562,23473.76,2024-01-25
PMT0000423,L000105,20171.49,2024-01-16
PMT0002071,L000515,4405.91,2024-07-27
PMT0002320,L000583,14953.99,2023-06-24
PMT0004282,L001066,1825.58,2024-08-12
PMT0004088,L001016,22960 CAD,2024-08-31
PMT0001432,L000356,-16748.5,2024-09-07
PMT0001443,L000358,6437 CAD,2024-05-17
PMT0004101,L001019,1778.7,2024-06-16
PMT0001863, L000464 ,2424.47,2024-05-29
PMT0001549,L000384,11301.3,2024-03-23
PMT0002158,L000538,3772.39,2025-07-01
PMT0000556,L000133,110638.87,2025-02-14
PMT0004556,L001138,8577 CAD,2024-11-08
PMT0004712,L001180,7328.91,2024-12-28
PMT0002335,L000586,7802.79,2024-09-27
PMT0000492,L000120,13958.71,2023-07-23
PMT0001222,L000309,95616.88,2025-03-27
PMT0001586, L000396 ,5327.85,2024-01-26
PMT0004461,L001116,2093.06,2025-02-14
PMT0002150,L000535,37444.68,2022-10-30
PMT0004094,L001017,3760.04,2023-09-18
PMT0003031,L000757,36244.62,2024-01-22
PMT0001815,L000454,3172.71,2024-05-12
PMT0004210,L001046,8877.03,2022-08-03
PMT0003266,L000816,13333.68,2024-09-15
PMT0000601,L000144,1620.94,2023-12-22
PMT0000240,L000059,2593.19,2023-01-22
PMT0000351,L000088,7331 CAD,2025-08-23
PMT0001852,L000462,7400.57,2023-06-16
PMT0004051,L001009,5292.53,2025-04-13
PMT0004938,L001238,"$12,043.12",2024-02-23
PMT0003196, L000799 ,2540.23,2022-05-25
PMT0002687,L000667,3890.35,2025-04-02
PMT0004097,L001018,12549.0,2025-10-07
PMT0002919,L000727,5682.42,2023-08-24
PMT0000823,L000208,1036.57,2023-12-18
PMT0001194,L000303,6338.17,2024-02-25
PMT0000444,L000108,3664.76,2024-12-02
PMT0002643,L000658,37564.49,2023-10-30
PMT0004899,L001228,6645.59,2023-08-12
PMT0000193,L000049,14377.55,2025-08-08
PMT0004482,L001121,18256.62,2024-02-06
PMT0004439,L001107,14689.94,2024-04-08
PMT0003064,L000770,nan,2023-06-25
PMT0001366,L000339,972.76,2025-03-10
PMT0004060,L001010,2368.43,2024-04-26
PMT0001923,L000477,5049.06,2022-10-09
PMT0001861,L000464,3583.81,2023-10-31
PMT0003100,L000778,6201 CAD,2023-12-04
PMT0004291,L001068,15145.86,2024-10-30
PMT0001978,L000491,2528.41,2022-10-08
PMT0003890,L000967,6210.15,
PMT0000383,L000096,5331.98,2023-10-05
PMT0000862,L000218,6462.21,2023-05-25
PMT0000199,L000050,"7,348",2024-10-28
PMT0002674,L000663,4730.48,2023-11-28
PMT0002159,L000538,6724.84,2024-09-27
PMT0000643,L000156,11581.33,2023-05-07
PMT0001354,L000336,"$11,822.66",2023-12-21
PMT0004664,L001165,5424.68,2025-04-29
PMT0002690,L000667,3724.9,2025-11-28
PMT0001672,L000419,4266.68,2024-09-05
PMT0003701,L000920,5633.21,2023-02-01
PMT0002421,L000605,21669.83,2024-11-21
PMT0000435,L000107,6810.49,2024-01-25
PMT0001589,L000398,8352.45,2025-04-17
PMT0001196,L000304,4866.08,2024-02-19
PMT0001248,L000314,2027.99,2022-09-27
PMT0001578,L000394,247047.33,2024-01-12
PMT0004976,L001247,"$3,442.68",2022-12-14
PMT0001021,L000255,6068.05,2024-08-21
PMT0003510,L000875,16125.05,2023-04-27
PMT0002130,L000530,11038.65,2024-03-15
PMT0002102,L000524,836.27,2025-01-12
PMT0000732,L000186,5541.25,2024-07-12
PMT0001305,L000325,5970.7,2023-07-11
PMT0000603,L000144,1885.17,2023-10-07
PMT0000232,L000057,46798.92,2025-11-11
PMT0004852,L001215,8685.31,2024-03-07
PMT0001018,L000255,3668 CAD,2026-01-03
PMT0000720,L000182,58358.65,2024-09-14
PMT0003507,L000874,6837.73,2025-02-11
PMT0000880,L000223,14415.5,2023-10-05
PMT0001974,L000491,2707.2,2024-03-22
PMT0001300,L000325,15219.8,2023-03-08
PMT0001946,L000484,9770.99,2022-12-16
PMT0001136,L000288,9921.69,2024-07-05
PMT0002577,L000642,888.05,2023-10-19
PMT0000539,L000129,5445.03,2024-11-22
PMT0001113,L000283,12085.38,2024-08-23
PMT0002658,L000660,11970.31,2023-02-11
PMT0001497,L000371,3263.55,2023-03-03
PMT0001426,L000354,9238.0,2024-02-10
PMT0000231,L000057,,2024-11-21
PMT0002870,L000712,5882.15,2025-05-15
PMT0004140,L001029,1788.88,2024-02-15
PMT0003487,L000870,15191.48,2023-10-30
PMT0001604,L000402,7732.36,2024-07-28
PMT0003587,L000892,2277.73,2024-04-18
PMT0002532,L000632,11210.6,2023-04-04
PMT0003810,L000946,18943.7,2024-08-07
PMT0003055,L000766,"$7,501.85",2025-03-09
PMT0003219,L000804,6440.51,2025-09-11
PMT0000704,L000176,33212.61,2025-02-13
PMT0000436,L000107,7728.55,2024-12-20
PMT0002380,L000596,3195.25,2025-07-05
PMT0002964,L000737,-2854.69,2024-12-31
PMT0003097,L000778,7017.92,2024-02-12
PMT0002122, L000528 ,"$2,736.85",2024-04-22
PMT0004777,L001197,-11080.53,2024-11-23
PMT0000813,L000204,36340.46,2024-09-19
PMT0004442,L001109,46586.5,2023-04-15
PMT0000272,L000065,39074.74,2024-04-25
PMT0004292,L001068,17006.21,2024-11-02
PMT0002020, L000504 ,9647.71,2023-08-30
PMT0001635,L000410,11087.53,2023-03-04
PMT0002858,L000709,1547.27,2023-06-27
PMT0000096,L000024,1730.91,2023-01-22
PMT0002856,L000709,4163.86,2023-01-09
PMT0002737,L000678,3766.58,2023-08-27
PMT0003164,L000793,838.4,2024-12-17
PMT0000489,L000119,19363.52,2025-08-02
PMT0003112,L000781,13911.17,2025-11-29
PMT0002988,L000744,4596.53,2023-06-04
PMT0000053,L000012,37947.88,2024-03-28
PMT0000340,L000086,11498.29,2024-04-23
PMT0000973,L000243,11371.67,2024-04-08
PMT0000901,L000229,16761 CAD,2024-08-23
PMT0002114,L000526,34308.45,2024-11-17
PMT0004258,L001059,8056.19,2023-06-05
PMT0003692,L000919,1928.76,2026-03-19
PMT0004628,L001157,3952.46,2023-05-09
PMT0003087,L000776,3490.26,2024-02-14
PMT0000507,L000123,5182.81,2025-03-06
PMT0000047,L000009,2495.49,2023-10-24
PMT0004474,L001119,16716.63,2025-04-10
PMT0003318,L000829,7712.72,2023-07-29
PMT0004263,L001061,8411.19,2024-01-02
PMT0001906,L000474,4411.34,2025-05-07
PMT0004275,L001065,909.11,2025-10-25
PMT0001109,L000280,4423.95,2022-04-03
PMT0004524,L001132,2039.92,2024-12-03
PMT0003095,L000778,3246.31,2024-02-09
PMT0001630,L000409,1442.01,2025-07-31
PMT0000297,L000070,6556.96,2023-08-06
PMT0000181,L000045,2560.87,2023-07-19
PMT0001465,L000363,2678.18,2024-10-24
PMT0002343,L000588,13983.02,2024-07-08
PMT0002317,L000582,6469.57,2024-09-10
PMT0002309,L000579,4317.65,2024-09-10
PMT0004411,L001098,6875.53,2024-11-04
PMT0004286,L001067,20104.82,2024-04-03
PMT0002972,L000740,2184.17,2022-09-18
PMT0004400,L001095,unknown,2024-12-29
PMT0001505,L000373,5305.8,2025-04-29
PMT0002994,L000745,1819.99,2024-05-18
PMT0004841,L001213,1864.45,2024-07-23
PMT0002395,L000599,47742.53,2024-05-23
PMT0000709,L000178,23235.71,2025-08-11
PMT0001685,L000422,6416.98,2024-06-14
PMT0004838,L001211,73617.74,2022-09-21
PMT0001332,L000332,5381.51,2023-07-05
PMT0004290,L001068,25319.33,2024-09-16
PMT0003443,L000860,11729.77,2025-10-19
PMT0002339,L000587,18222.74,2024-11-09
PMT0001786,L000447,2880.63,2024-02-03
PMT0001384,L000343,7069.61,2024-07-21
PMT0001654,L000415,4458.29,2024-12-27
PMT0001842,L000460,3220.98,04/11/2024
PMT0003438,L000859,4438.87,2025-06-14
PMT0004612,L001153,5019.41,2024-07-08
PMT0003744,L000932,5388.2,2024-06-16
PMT0001534,L000380,1089.0,2024-05-03
PMT0003906,L000971,24738.25,2023-12-30
PMT0003746,L000932,"8,697",2024-04-27
PMT0001512,L000375,2030.45,2024-10-22
PMT0002824,L000702,-483.22,2023-08-27
PMT0004502,L001126,689.42,2022-11-01
PMT0004594,L001149,6231.37,2024-07-13
PMT0002170,L000542,35446.96,2023-08-09
PMT0002952,L000735,7056.06,2024-11-10
PMT0001521,L000378,4244.27,2023-03-03
PMT0003115,L000781,4995.57,2024-10-15
PMT0001318,L000328,7517.27,2025-12-21
PMT0003387,L000847,unknown,2026-01-16
PMT0001918,L000476,8926.9,2024-06-17
PMT0002822,L000702,775.93,2024-03-26
PMT0001475,L000365,3276.95,2025-09-09
PMT0002160,L000538,8856.59,2025-07-23
PMT0000065,L000014,17879.68,2023-03-03
PMT0004568,L001142,37627.75,2024-08-23
PMT0000255,L000062,5893.0,2022-07-30
PMT0004835,L001210,-24326.27,2024-02-11
PMT0001219,L000308,7402.44,2023-02-30
PMT0000895,L000227,13577.25,2023-05-08
PMT0000472,L000116,4453.65,2023-08-10
PMT0001114,L000283,9560.94,2024-03-13
PMT0002729, L000676 ,3727.05,2023-01-12
PMT0003644,L000906,3596.46,2024-04-25
PMT0004520,L001131,3014.45,2023-01-23
PMT0000416,L000103,45773.92,2023-03-20
PMT0001734,L000435,15518.08,2025-12-28
PMT0002285,L000572,11654.49,2024-11-26
PMT0000173,L000043,460.38,2024-02-03
PMT0004416,L001102,4351.99,2024-11-13
PMT0001548,L000384,4507.39,2025-01-08
PMT0001845,L000461,3143.37,2023-11-26
PMT0002489,L000622,4882.99,2023-11-08
PMT0004185,L001041,7912.39,2024-08-14
PMT0001764,L000443,42818.13,2023-05-28
PMT0004936,L001238,9309.33,2024-04-24
PMT0003253,L000813,9534.22,2023-06-29
PMT0004726,L001185,8372.93,2023-09-09
PMT0000678,L000170,12116.46,2022-05-07
PMT0003840,L000954,2685.07,2024-12-11
PMT0000774,L000193,3195.26,2024-04-08
PMT0003853,L000958,12208.31,07/24/2025
PMT0004014,L001000,4188.1,2025-04-04
PMT0003506,L000874,17008.44,2025-02-07
PMT0000497, L000121 ,17969.96,2024-03-17
PMT0003858,L000959,7412.37,2026-02-13
PMT0004236,L001052,15951.97,2026-04-01
PMT0003922,L000978,19092.6,2024-05-31
PMT0003202,L000801,13349.32,2025-08-04
PMT0001172,L000298,3432.51,2022-05-30
PMT0003262,L000815,8572.29,2024-05-31
PMT0004708, L001179 ,13540.85,2024-11-02
PMT0001262, L000317 ,2583.4,2026-02-17
PMT0002465,L000616,3437.16,2023-06-12
PMT0004394,L001094,7880.06,2025-03-21
PMT0002631,L000655,15698.41,2024-05-23
PMT0001121,L000286,2589.08,2022-10-26
PMT0001958,L000487,6509.99,2024-06-28
PMT0003222,L000805,1279.19,2025-04-07
PMT0004925,L001234,"$4,068.45",2024-10-06
PMT0001847,L000461,2518.27,2023-10-25
PMT0004486,L001122,4381.83,2023-06-09
PMT0002332,L000585,5346.45,2023-07-27
PMT0002581,L000643,2549.53,2024-09-16
PMT0004642,L001160,5863.51,2024-04-25
PMT0002357, L000592 ,1359.3,2023-06-15
PMT0001024,L000255,6163.61,2025-11-12
PMT0000976,L000244,"$7,697.33",2022-06-29
PMT0000174,L000043,741.83,2024-06-16
PMT0004362,L001086,19599.6,2024-01-11
PMT0003813,L000948,34151.75,2023-07-10
PMT0002723,L000674,5182.33,2023-11-27
PMT0002469,L000617,5939.69,2024-06-21
PMT0001574,L000391,35951.53,2024-08-25
PMT0001771,L000444,11826.2,2024-03-25
PMT0000164,L000040,2032.34,2023-07-12
PMT0002977,L000740,2172.51,2023-05-04
PMT0002066,L000514,8958.95,2025-04-25
PMT0003286,L000821,4696.49,2023-11-19
PMT0001449,L000360,1398.99,2022-08-29
PMT0003324,L000832,9609.1,2023-07-10
PMT0000831,L000209,5124.23,2023-05-23
PMT0000776,L000193,10252.44,2024-04-16
PMT0000915,L000232,5569.34,2024-11-11
PMT0003526,L000878,6052.36,2024-11-23
PMT0004365,L001088,3992.88,2025-10-09
PMT0001763,L000442,18180.76,2024-03-22
PMT0000071,L000016,1582.8,2023-09-20
PMT0004915,L001231,4688.47,2023-03-20
PMT0004683,L001172,14153.25,2023-08-24
PMT0000510,L000124,3729.96,2024-02-23
PMT0004438, L001106 ,6345.59,2023-07-05
PMT0000449,L000111,2524.74,2024-01-08
PMT0002457,L000615,9445.9,2025-03-21
PMT0003153,L000790,30371.53,2024-04-07
PMT0000245,L000060,7265.42,2024-12-12
PMT0003062,L000769,9507.57,2025-11-08
PMT0004608,L001153,4788.67,2023-11-29
PMT0000589,L000142,14172.8,2024-11-06
PMT0003998,L000996,4490 CAD,2023-11-03
PMT0000523,L000126,16887.08,2025-09-30
PMT0001813,L000453,22140.89,2023-04-04
PMT0001051,L000262,"$4,259.69",2023-11-18
PMT0001451, L000360 ,998.01,2023-03-13
PMT0000907,L000230,nan,2023-08-06
PMT0004130,L001026,13086.03,2024-07-14
PMT0000339,L000086,13301.84,2024-05-21
PMT0004208,L001046,6865.5,2023-05-27
PMT0001841,L000460,nan,2023-11-17
PMT0004189,L001042,"$39,536.89",2024-07-08
PMT0004705,L001179,9092.3,2024-08-23
PMT0002172,L000542,33641.11,2022-10-14
PMT0003053,L000766,-17140.33,2025-10-07
PMT0002452,L000614,20562.07,2023-12-06
PMT0004565, L001141 ,47229.49,2023-07-29
PMT0004195,L001044,unknown,2022-09-28
PMT0001350,L000335,4868.05,2024-06-05
PMT0002965,L000737,3419.67,2024-08-31
PMT0004920,L001232,53996.85,not available
PMT0004231,L001051,21326.24,2025-05-08
PMT0001218,L000308,22145.69,2023-01-17
PMT0001989,L000493,2327.66,2025-08-02
PMT0004193,L001042,22103.6,2025-08-13
PMT0000409,L000102,5235.75,2025-08-22
PMT0001416,L000352,6165.32,2024-07-10
PMT0002111,L000526,30675.42,2024-05-29
PMT0001424,L000354,10617.22,2023-03-26
PMT0001747,L000438,1411.26,2025-01-28
PMT0003281,L000819,28099.36,2023-12-14
PMT0000202,L000050,6677.26,2024-05-02
PMT0004027,L001003,5475.61,2023-02-10
PMT0003807,L000946,13679.48,2025-01-17
PMT0003513,L000876,4405.96,2022-08-13
PMT0002478,L000620,9472.97,2023-09-28
PMT0001967, L000489 ,15053.35,2022-04-28
PMT0001899,L000472,21888.68,2025-01-01
PMT0001183, L000300 ,11848.81,2024-01-20
PMT0002041, L000509 ,3932.42,2023-09-30
PMT0003788,L000939,4371.05,2023-11-10
PMT0004618,L001154,-51172.95,2023-07-14
PMT0004226,L001049,6912.6,2023-05-03
PMT0001715,L000428,4168.87,2024-01-24
PMT0003101,L000779,13026.97,2023-11-09
PMT0000398,L000100,4354.95,2025-08-10
PMT0001127,L000286,6504.26,2023-04-25
PMT0004260,L001060,5911.46,2023-05-12
PMT0003283,L000820,"$17,857.21",2024-10-25
PMT0002979,L000741,142154.21,2024-08-21
PMT0001167,L000297,12053.96,2023-01-28
PMT0004357,L001085,15581.27,2023-10-12
PMT0004661,L001165,5180.86,2024-04-27
PMT0002060, L000512 ,1519.24,2024-07-27
PMT0000370,L000091,21441.41,2024-12-18
PMT0004168,L001036,61887.28,2024-03-19
PMT0003635,L000904,4391.82,2023-10-03
PMT0003013,L000750,4160.27,2023-06-24
PMT0001915,L000476,7474.93,2024-02-13
PMT0004578,L001146,3962.45,2024-05-08
PMT0003521,L000878,3485.73,2024-03-27
PMT0000783,L000196,2081.13,2024-03-16
PMT0003887,L000966,14595.04,2023-04-06
PMT0001059,L000265,6740.69,2023-10-03
PMT0004324,L001078,7403.49,2022-12-12
PMT0000875,L000222,7726.25,2023-05-26
PMT0003848,L000956,12701.36,2024-10-23
PMT0000477,L000117,26206.06,2023-02-06
PMT0002334,L000586,5926.36,2025-01-02
PMT0004953,L001243,7590.99,2025-05-06
PMT0003647,L000907,6391.3,2024-10-06
PMT0000948,L000238,2476.85,2023-12-10
PMT0003815,L000949,2073.95,2025-02-01
PMT0000207,L000051,,2025-11-03
PMT0002881,L000714,5035.02,2023-09-18
PMT0000582,L000140,5421.98,2025-04-09
PMT0004106,L001019,2360.1,2024-05-14
PMT0001782,L000446,"$8,093.07",10/06/2025
PMT0004584, L001146 ,"$3,027.98",2024-05-21
PMT0001324,L000330,6907.12,2024-09-05
PMT0004249,L001055,16192.9,2022-04-11
PMT0001854,L000463,6428.59,13-Feb-2023
PMT0004029,L001003,7027.98,2024-03-14
PMT0004333,L001080,5848.69,2022-11-03
PMT0002062,L000513,2251.48,2025-04-03
PMT0003781,L000938,8559.7,2023-10-26
PMT0000346,L000087,3995.09,2025-01-14
PMT0000878,L000222,13018.26,2024-05-19
PMT0002985,L000743,2566.32,2024-04-14
PMT0004342,L001082,38868.82,2025-06-12
PMT0000924,L000234,6070.67,2024-04-16
PMT0001204,L000305,6938.23,2023-07-11
PMT0000591,L000142,13778.48,2024-10-08
PMT0002709,L000671,"$3,392.84",2025-01-16
PMT0001718,L000430,29418.35,2023-01-27
PMT0003674,L000913,2389.55,2023-01-01
PMT0003450,L000861,21298.77,2022-07-15
PMT0000695,L000173,6201.2,2024-01-17
PMT0002786,L000694,"2,300",2024-07-02
PMT0001877,L000467,77340.1,2025-07-01
PMT0000699,L000175,931.81,2023-11-28
PMT0000708,L000178,34970.89,2025-02-06
PMT0004272,L001064,11209.51,2025-02-20
PMT0004075,L001013,7213.17,2023-02-06
PMT0003426,L000855,21038.84,2025-03-01
PMT0004242,L001053,11310.03,2024-01-10
PMT0002449,L000613,26698.54,2024-07-12
PMT0000003,L000001,1866.46,2025-01-21
PMT0001275,L000320,6181.73,2024-01-16
PMT0003702,L000920,2282.82,2023-11-07
PMT0000681,L000170,15365.76,2023-06-25
PMT0004072,L001012,6512.63,2026-02-16
PMT0003578,L000890,5835.14,04-Dec-2023
PMT0001336,L000333,6227.21,2024-08-20
PMT0003986,L000992,1382.97,2024-11-08
PMT0002552,L000637,4042.04,2024-05-10
PMT0000677,L000169,32050.62,2025-03-20
PMT0003717,L000925,1660.66,2022-07-15
PMT0001976,L000491,976 CAD,2024-01-08
PMT0001688,L000422,9050.37,2024-03-07
PMT0000185,L000047,5934.5,2023-04-15
PMT0000968,L000242,5940.07,2024-05-22
PMT0002116, L000527 ,3160.97,2025-12-13
PMT0001703,L000425,14410.71,2025-10-05
PMT0003176,L000795,1341.83,2023-09-05
PMT0004695,L001175,1174.82,2025-11-25
PMT0001572,L000390,19294.58,12-Mar-2025
PMT0000102,L000026,20537.35,2024-12-19
PMT0002479,L000621,7779.0,2023-09-10
PMT0004788, L001199 ,4323.69,2023-06-13
PMT0003234,L000808,11113.37,2024-08-09
PMT0004113,L001022,16215.08,2026-05-18
PMT0002146,L000534,21577.46,2024-06-21
PMT0001403, L000349 ,10611.28,2024-03-03
PMT0003964,L000988,27877.92,2022-10-21
PMT0002217,L000554,1648.97,2024-03-14
PMT0004052,L001009,5678.05,2024-03-24
PMT0004545,L001136,1190.16,2025-03-22
PMT0000669,L000164,17172.64,2025-06-14
PMT0004907,L001230,1958.7,2024-04-06
PMT0002957,L000736,1596.27,2024-07-25
PMT0000171,L000043,1500.09,2024-03-16
PMT0004874,L001220,4485.2,2024-06-01
PMT0003051,L000765,5784.53,2023-07-12
PMT0004600,L001149,5881.05,2023-10-04
PMT0002179,L000544,1384.2,2024-09-07
PMT0001244,L000313,3062.11,2024-10-25
PMT0003166,L000794,4834.69,2024-04-26
PMT0001395,L000346,5054.42,2024-07-03
PMT0003264,L000815,7497.14,2025-05-04
PMT0002545,L000635,5346.46,2023-05-26
PMT0001301,L000325,16331.27,2022-05-07
PMT0000261,L000063,-11427.63,2024-08-08
PMT0002718,L000674,3828.24,2024-11-17
PMT0002614,L000652,27318.85,2024-03-22
PMT0000267, L000064 ,8497.68,2022-11-05
PMT0004167,L001035,5883.24,2023-09-01
PMT0000692,L000173,16389.27,2024-02-01
PMT0000549,L000132,11589.91,2024-07-09
PMT0004767,L001195,1561.77,2022-11-13
PMT0002696,L000669,1185.99,2025-04-27
PMT0002378,L000596,-9629.83,2026-02-15
PMT0003287, L000821 ,6064.72,2024-01-09
PMT0002744,L000679,16889.96,2024-01-01
PMT0004709,L001180,19923.64,2025-07-30
PMT0002654,L000660,11792.54,2023-11-20
PMT0000930,L000235,10127.51,2023-11-02
PMT0001725, L000433 ,15354.1,2025-06-18
PMT0004978,L001247,3755.99,2023-04-29
PMT0001207,L000305,7125.58,2024-02-21
PMT0001940,L000482,36211.65,2022-10-12
PMT0001410,L000350,1821.43,2023-03-11
PMT0004092,L001017,4597.61,2023-12-02
PMT0003519,L000877,12424.79,2024-06-02
PMT0001315,L000328,10046.82,2024-04-09
PMT0003370,L000844,3213.18,2023-10-21
PMT0003886,L000966,20205.78,2024-11-16
PMT0004471,L001119,16895.6,2024-05-02
PMT0001503,L000373,3637.97,2024-05-02
PMT0001535,L000380,3235.0,2024-06-04
PMT0004096,L001018,6240.62,2025-11-25
PMT0004039,L001005,3641.12,2022-10-11
PMT0000908,L000230,4477.93,2022-09-12
PMT0002507,L000626,53764.56,2024-12-31
PMT0000649,L000159,65448.21,2024-02-08
PMT0002579,L000643,6163.21,2025-07-30
PMT0001823,L000455,27721.16,2025-01-15
PMT0003792,L000941,18718.02,2026-01-04
PMT0000119,L000029,17756.81,2022-11-24
PMT0004512,L001129,8285.71,2024-05-04
PMT0000220, L000054 ,"19,327",2025-01-23
PMT0001297,L000324,10024.23,2024-11-18
PMT0004234,L001051,12791.28,2025-06-27
PMT0001847,L000461,2518.27,2023-10-25
PMT0002356,L000592,-3341.25,2023-06-20
PMT0000451, L000111 ,1339.67,2024-09-06
PMT0001149,L000291,6766.51,2022-11-15
PMT0003797,L000942,2552.81,
PMT0003952,L000986,12750.64,2024-12-14
PMT0001242,L000313,2386.81,2024-11-05
PMT0001944,L000483,20358.43,2022-04-13
PMT0001135,L000288,8044.64,2024-07-04
PMT0000441,L000108,3804.1,02/27/2024
PMT0000172,L000043,1131 CAD,2024-04-22
PMT0002590,L000644,1033.22,2023-11-11
PMT0000461,L000114,20799 CAD,03/25/2026
PMT0002851,L000708,9079.78,2022-07-12
PMT0000910,L000230,2287.45,2024-03-18
PMT0001651,L000415,7814.28,2025-01-01
PMT0003740,L000930,2009.1,2025-03-31
PMT0001191,L000303,16300.51,2024-04-19
PMT0000039,L000008,"$1,378.62",2025-01-29
PMT0002466,L000616,3572.51,2023-08-01
PMT0004785, L001199 ,3773.98,2023-03-21
PMT0002781,L000692,15965.0,2023-03-13
PMT0001550,L000384,11240.82,2025-06-24
PMT0000371,L000092,15942.19,05/03/2024
PMT0001541, L000383 ,7937.06,2023-05-27
PMT0001265,L000318,-15223.64,2025-03-24
PMT0003622,L000901,17878.15,2022-08-06
PMT0002779,L000691,"$3,525.33",2023-06-05
PMT0000401,L000100,3141.82,2024-07-11
PMT0003345,L000837,7980.41,2022-11-27
PMT0003796, L000942 ,2426.99,2024-02-12
PMT0003766,L000935,1363.77,2024-04-09
PMT0002293,L000574,4972.41,25-Sep-2024
PMT0004802,L001201,9013.59,2024-12-28
PMT0001093, L000275 ,1795.11,2023-08-11
PMT0002087,L000520,5735.23,2023-09-14
PMT0003314,L000828,20793.53,2024-04-20
PMT0001150,L000291,1880.92,11/18/2022
PMT0004011,L000999,8833.03,2024-02-04
PMT0004082,L001015,10883.36,2023-06-17
PMT0003933,L000981,1284.99,2023-03-24
PMT0002286, L000572 ,10098.59,2025-04-01
PMT0003412,L000852,6664.79,2023-10-08
PMT0001060, L000265 ,6800.17,2024-08-22
PMT0000597,L000143,19182.28,2024-01-06
PMT0000310,L000076,7390.44,2024-01-19
PMT0004268,L001063,4945.57,2024-06-05
PMT0003226,L000806,63451.93,2023-06-13
PMT0000512,L000124,2830.94,2023-11-28
PMT0004646,L001161,26471.45,2025-02-08
PMT0002134,L000531,12587.07,2022-12-08
PMT0004428,L001105,7344.41,2023-04-21
PMT0000757,L000190,3194.19,2023-12-14
PMT0004148,L001030,18984.8,2024-03-09
PMT0000797,L000198,18346.63,2024-07-02
PMT0004749,L001192,25505.0,2024-07-09
PMT0000152,L000037,3119.14,2023-07-19
PMT0000690,L000173,-12902.74,2023-06-03
PMT0001428,L000355,-12713.03,2023-08-27
PMT0001798,L000450,22562.03,2024-10-20
PMT0002063,L000513,1535.39,2025-11-30
PMT0003676,L000913,2390.37,2024-05-30
PMT0001198,L000304,9798.43,2024-06-06
PMT0000414,L000102,4474.39,2024-04-16
PMT0002554, L000637 ,5611.21,2023-11-09
PMT0004939,L001239,5383.35,2023-09-28
PMT0000112,L000028,2938 CAD,2024-03-14
PMT0001904,L000473,5425.21,2024-07-27
PMT0001249,L000314,2011.48,2024-01-11
PMT0000217,L000054,17626.72,2025-01-05
PMT0001122,L000286,4420.08,2023-09-19
PMT0000055, L000013 ,4482.41,2024-02-01
PMT0004662,L001165,1760.52,2024-08-27
PMT0004742,L001189,7593.42,2025-01-24
PMT0004209,L001046,10302.73,2023-02-01
PMT0003207,L000803,3084.81,2024-06-23
PMT0004710,L001180,20438.73,2025-07-24
PMT0003353,L000840,3738.31,2023-04-10
PMT0000316,L000079,4516.42,2022-12-21
PMT0004489,L001123,35431.71,2024-10-29
PMT0001942,L000483,26886.7,2022-07-04
PMT0003760,L000934,3807.73,2024-11-01
PMT0001648,L000414,61845.47,2024-09-04
PMT0000367,L000090,3297.85,2022-09-12
PMT0003947, L000984 ,5506.05,2024-01-20
PMT0004769,L001196,2687.32,2023-03-29
PMT0001309,L000326,3033.87,2022-11-11
PMT0003538,L000881,6319.65,2023-07-27
PMT0001420,L000352,10842.48,2024-05-17
PMT0001364,L000339,870.31,2025-12-29
PMT0001386,L000344,"$125,923.18",2024-02-18
PMT0002191,L000548,71311 CAD,2025-03-08
PMT0002142,L000532,9867 CAD,2024-10-21
PMT0002654,L000660,11792.54,2023-11-20
PMT0000896,L000227,17385.94,2022-10-30
PMT0002288,L000572,11582.55,2025-12-19
PMT0004649,L001162,44154.02,2023-02-06
PMT0002248,L000562,52255.42,2023-07-19
PMT0003043,L000763,12905.79,2023-11-29
PMT0002022,L000504,13780.35,2024-04-17
PMT0002349,L000589,5261.31,2024-03-04
PMT0002611,L000651,23176.92,2023-02-19
PMT0000985,L000246,21554.23,2023-08-25
PMT0003920,L000977,4236.52,2025-09-30
PMT0004821,L001207,16768.38,2024-05-13
PMT0004079,L001014,8683.63,2023-07-02
PMT0002981,L000742,50668.03,2024-09-19
PMT0004859,L001216,20718.03,2024-03-17
PMT0002689,L000667,3773.89,30-Nov-2025
PMT0004759,L001194,6902.13,2024-05-05
PMT0004865,L001218,14093.24,2022-09-05
PMT0001914,L000476,7040.24,2024-06-24
PMT0000798,L000199,20641.13,2022-12-11
PMT0002192,L000549,4691.26,2024-03-29
PMT0000159,L000039,7899.37,2024-07-09
PMT0002896,L000721,7297.93,2023-03-26
PMT0003099,L000778,3812.61,2023-12-22
PMT0000411,L000102,4471.49,2025-07-26
PMT0002171,L000542,39998.75,2023-01-04
PMT0001856,L000463,6824.66,02/11/2023
PMT0001302,L000325,4881.47,2022-06-22
PMT0004413,L001099,23459.59,2024-03-27
PMT0002620,L000654,6704.41,2024-02-18
PMT0004281,L001066,2515.85,2025-08-26
PMT0003791,L000941,19711.13,2024-10-05
PMT0001193,L000303,16854.1,2024-08-21
PMT0004510,L001129,4794.52,2023-08-09
PMT0003110,L000780,14819.37,2025-10-16
PMT0001464, L000363 ,1736 CAD,2024-04-10
PMT0003243, L000811 ,5368.82,2024-03-25
PMT0004152,L001031,5786.3,2022-11-28
PMT0003593,L000894,2339.19,2024-08-25
PMT0000386,L000097,"$34,594.43",2023-06-01
PMT0001691,L000423,"$13,519.99",2024-11-29
PMT0000249,L000060,7179.25,2024-12-14
PMT0003739,L000930,3970.59,2024-10-11
PMT0000525, L000126 ,"$15,635.22",02/09/2025
PMT0002346,L000589,1881.81,2025-01-28
PMT0004786,L001199,1874.73,2023-01-08
PMT0002291,L000574,7031.78,12/11/2024
PMT0004050,L001008,3289.63,2024-07-06
PMT0000361,L000089,1398.87,2023-02-24
PMT0003520,L000877,6773.07,2025-03-17
PMT0002953,L000736,3321.97,2024-07-31
PMT0004285, L001067 ,7859.95,2022-08-07
PMT0000298,L000071,"$36,163.87",2025-04-08
PMT0000611,L000146,24885.0,2025-05-10
PMT0001415,L000351,65937.92,2025-06-20
PMT0002221,L000555,12730.5,2024-08-04
PMT0000843,L000212,3365.47,2024-04-06
PMT0001188,L000301,9652.81,2024-11-10
PMT0003909,L000973,47433.62,2023-12-08
PMT0001963,L000489,8612.97,2022-05-04
PMT0004729,L001186,13738.46,2023-02-04
PMT0001820,L000455,13299 CAD,2024-07-15
PMT0003094,L000777,"13,832",2024-08-12
PMT0001620,L000406,nan,2023-11-26
PMT0002246,L000561,789,2023-04-21
PMT0001633,L000409,5233.55,2025-03-09
PMT0002937,L000732,6316.6,2024-04-10
PMT0002664,L000662,12700.61,2024-05-03
PMT0004377,L001091,6991.57,2024-10-24
PMT0003753,L000933,5518.38,2025-06-11
PMT0003350,L000839,17893.47,03/23/2024
PMT0004433,L001105,4327.91,2023-11-16
PMT0000626,L000150,10471.4,2023-11-17
PMT0003050,L000765,"12,193",2024-03-29
PMT0003036,L000759,4037.83,2024-07-22
PMT0002627,L000655,8728.84,2023-06-24
PMT0002232,L000558,5912.18,2024-01-30
PMT0000419, L000104 ,"$39,815.42",2024-01-05
PMT0002174,L000543,4529.58,2023-04-21
PMT0003855,L000958,9411.35,2024-12-08
PMT0001632,L000409,4030.34,2024-08-29
PMT0000074,L000017,4000.49,2022-12-20
PMT0001134,L000287,7779.76,2023-10-01
PMT0001308,L000326,2123.74,2023-06-20
PMT0003908,L000972,34420.72,2023-05-18
PMT0002665,L000662,14705.87,2025-03-09
PMT0003423,L000855,26468.92,2024-11-08
PMT0003903,L000970,"12,000",2023-03-15
PMT0000330,L000083,"5,749",2023-11-10
PMT0003034,L000759,"$1,628.40",2024-05-09
PMT0003496,L000872,6920.98,18-Apr-2024
PMT0001228,L000310,2388.59,10/03/2024
PMT0004372,L001089,"18,798",2023-07-29
PMT0002257,L000565,1934.63,2025-09-01
PMT0001200,L000304,9783.0,2025-07-29
PMT0004964,L001245,19080.78,2025-08-08
PMT0001048, L000261 ,44585.22,2023-05-30
PMT0004840,L001213,2235.77,2025-09-13
PMT0001053,L000262,2961.19,2025-02-27
PMT0000238,L000058,1137.99,2026-03-12
PMT0001605,L000402,"$2,757.77",2024-10-21
PMT0004230,L001050,16804.86,2023-11-10
PMT0003440,L000859,8569.4,2025-06-09
PMT0002139,L000531,3458.21,2024-01-12
PMT0000674,L000168,52130.72,2023-01-18
PMT0004961,L001245,17228.84,2025-02-09
PMT0002168,L000541,8111.4,2024-09-05
PMT0004655,L001163,2622.29,2024-11-19
PMT0003351,L000839,5315.08,2023-02-27
PMT0004410,L001098,17610.9,2024-10-21
PMT0001284,L000321,2999.39,2023-04-28
PMT0003907,L000971,11712.53,2024-10-06
PMT0001948,L000484,10585.28,2024-03-21
PMT0004827,L001208,3901.66,2024-01-31
PMT0003741,L000930,1920.44,2026-04-20
PMT0001866,L000465,4925.37,2024-02-01
PMT0000299,L000072,9357.39,2024-04-13
PMT0002560,L000639,20039.34,2023-05-27
PMT0001258,L000316,9378.86,2025-09-17
PMT0002538,L000633,1583.53,2023-09-04
PMT0003691,L000918,53684.31,2026-01-10
PMT0003917,L000976,17349.35,2023-05-02
PMT0000027,L000006,,2024-06-08
PMT0001508,L000374,4776.52,2024-11-28
PMT0001273, L000320 ,2514.87,2023-06-04
PMT0003535,L000880,9153.26,29-Jan-2024
PMT0001094,L000276,766.97,2024-07-06
PMT0004113,L001022,16215.08,2026-05-18
PMT0004340,L001081,2090.55,2024-09-05
PMT0000635,L000153,4894.03,2025-02-04
PMT0000093,L000024,4451.83,2022-10-28
PMT0003806,L000945,29025.75,2024-07-02
PMT0004757,L001194,11433.33,2025-04-08
PMT0000763, L000191 ,7352.22,2024-04-21
PMT0000434, L000107 ,2716.21,2023-10-08
PMT0002877,L000714,5109.1,2024-10-04
PMT0002927,L000729,51618.99,2023-12-03
PMT0004205,L001046,8880.48,2022-09-09
PMT0002634,L000656,nan,2023-10-27
PMT0003656,L000909,15455.18,2024-04-25
PMT0003216,L000804,6629.13,2024-11-26
PMT0003150,L000790,11371.22,2024-12-10
PMT0003455,L000862,1845.22,2023-02-18
PMT0004274,L001064,13736.91,2024-07-09
PMT0002854,L000708,18342.88,2023-07-25
PMT0000241,L000059,2246.44,2023-05-24
PMT0001287,L000322,4695.11,2025-03-18
PMT0002236,L000558,5434.64,2025-06-24
PMT0000014,L000003,4889.08,2024-05-01
PMT0002202,L000550,2014.0,2023-12-02
PMT0000004,L000001,2559.14,2024-12-23
PMT0002950,L000735,3342.35,2025-05-20
PMT0000037,L000007,814.91,2024-11-09
PMT0004235,L001051,"20,544",2024-11-17
PMT0004120,L001023,3085.07,2025-06-19
PMT0000447,L000110,3561.6,2025-12-08
PMT0002551,L000637,5958.77,2024-01-07
PMT0004917,L001231,5009.59,2023-11-22
PMT0003301, L000825 ,23367.33,2025-06-18
PMT0004818,L001205,6618.56,2023-01-30
PMT0000302,L000074,5691.63,31-Jul-2023
PMT0002867,L000712,5303.67,2025-01-08
PMT0000807,L000201,2187.2,2025-07-23
PMT0001260,L000317,2831.91,2025-07-14
PMT0003939,L000982,7330.38,2024-05-21
PMT0003950,L000986,8172 CAD,not available
PMT0001943,L000483,24354.74,2023-10-22
PMT0002214,L000554,2312.49,2025-06-12
PMT0003830, L000952 ,24972.8,2023-12-21
PMT0003653,L000908,6999.75,2025-03-10
PMT0002502,L000625,4787.08,2022-04-05
PMT0001784,L000446,6344.93,2023-11-18
PMT0002190,L000548,85812.74,2025-02-21
PMT0004288,L001068,17948.32,04/09/2024
PMT0004817,L001205,8134.88,2023-12-08
PMT0003690,L000917,unknown,2024-04-30
PMT0001203,L000305,5517 CAD,2024-08-29
PMT0004430,L001105,2813.05,2022-09-27
PMT0000491,L000120,7500.06,2024-07-29
PMT0003161,L000793,2128.64,2025-11-12
PMT0003682,L000915,5276 CAD,2025-04-03
PMT0000148,L000037,3531.3,2023-10-04
PMT0004007, L000998 ,13428.18,2024-10-21
PMT0004303,L001071,9800 CAD,2023-07-24
PMT0004023, L001002 ,27873.71,2025-08-21
PMT0003598,L000895,13259.74,08/02/2024
PMT0003697,L000919,"$2,819.87",2025-07-12
PMT0000178,L000044,5701.77,2023-05-04
PMT0001393,L000345,4299.94,2023-08-15
PMT0004882,L001221,1626.35,2025-01-17
PMT0004691,L001174,10867.97,2023-05-27
PMT0001151,L000291,6064.7,2022-09-25
PMT0004881,L001221,730.42,2025-04-25
PMT0001147,L000291,1913.31,2022-06-29
PMT0004587,L001147,4076.6,2024-08-28
PMT0003406,L000851,3873.79,2023-12-18
PMT0000842,L000212,2036.1,16-May-2023
PMT0002200,L000550,5100.94,2023-11-06
PMT0001154,L000293,7101.28,2024-05-29
PMT0003718,L000925,1745.98,2022-07-30
PMT0000258,L000062,16992.42,2022-07-02
PMT0003965,L000988,23472.62,2023-04-01
PMT0001520,L000377,3897.47,2025-07-18
PMT0003340,L000837,10247.48,2023-07-01
PMT0004440,L001108,16508.56,2022-11-06
PMT0001023,L000255,3788.63,2024-10-15
PMT0003575,L000889,8544.95,2024-11-30
PMT0002827,L000702,594.53,2022-11-01
PMT0001639,L000411,6655.12,2023-02-22
PMT0000575,L000138,2020.94,2024-07-04
PMT0002208,L000552,17176.45,2024-02-24
PMT0001196,L000304,4866.08,2024-02-19
PMT0003591, L000894 ,3121.98,2024-03-05
PMT0004755,L001194,9044.4,2024-04-03
PMT0004987,L001250,4336.99,2023-11-12
PMT0003468,L000864,10370.54,2024-10-15
PMT0004449,L001111,14114.38,2024-09-24
PMT0003802,L000943,24978.95,2024-09-23
PMT0001759,L000441,2018.59,2024-02-13
PMT0001607, L000402 ,4137.55,2026-01-24
PMT0003148,L000790,19492.04,2024-10-20
PMT0004032,L001004,2558.4,2025-11-13
PMT0001994,L000494,unknown,2024-12-25
PMT0003566,L000888,5131.21,2024-02-28
PMT0001790,L000448,25518.49,2024-01-14
PMT0000485,L000119,24130.26,2024-08-17
PMT0002578,L000643,3448.93,2025-06-22
PMT0003232,L000808,8467.17,2025-10-05
PMT0003655,L000909,"$12,930.64",2024-07-27
PMT0004058,L001010,"2,323",2026-03-09
PMT0002686,L000667,3450.83,2026-02-01
PMT0001722,L000432,1755.41,2024-09-18
PMT0002073,L000515,5555.78,
PMT0001066,L000266,unknown,2025-02-16
PMT0002742,L000679,8486.57,2024-07-28
PMT0000332,L000084,13957.94,2024-04-18
PMT0002852,L000708,15225.14,2023-07-02
PMT0003745,L000932,9493.15,
PMT0001124,L000286,2776.5,2023-01-20
PMT0002629,L000655,26067.81,2024-05-13
PMT0003056,L000767,24339.7,2025-04-21
PMT0001087,L000273,"9,851",2024-02-06
PMT0002932,L000731,"$6,134.47",2024-04-11
PMT0002196,L000550,-2487.1,2024-05-11
PMT0004318,L001076,21456.19,2024-01-23
PMT0003372,L000844,2606.0,2023-04-12
PMT0001098,L000276,1160.11,2024-10-11
PMT0004602,L001150,14090.54,2023-06-09
PMT0004517,L001131,4303.47,2023-09-29
PMT0002061,L000512,1503.5,2024-04-15
PMT0002603,L000648,8971.54,2024-06-08
PMT0002067,L000514,4914.08,2024-10-30
PMT0000213,L000052,5593.1,12/15/2024
PMT0002348,L000589,5031.92,2023-10-01
PMT0003133,L000787,15639.25,2023-07-03
PMT0004009,L000999,10739.16,2024-02-05
PMT0000208,L000051,11317.77,2025-02-28
PMT0001028, L000257 ,unknown,11/17/2024
PMT0004909,L001230,1840.95,2023-08-24
PMT0003195,L000799,1763.15,2022-06-29
PMT0004370,L001089,18530.75,2023-03-21
PMT0004795,L001200,862.94,2023-09-20
PMT0003205,L000802,7017.7,2023-04-12
PMT0003479,L000869,3376.62,2022-10-20
PMT0000045,L000009,2948.66,2023-12-18
PMT0001973,L000490,9211.74,2024-09-14
PMT0001102,L000278,45901.97,2025-09-19
PMT0001939,L000482,20075.38,2023-12-06
PMT0003017,L000752,10762.41,2024-08-01
PMT0002099,L000523,8275.4,2023-09-26
PMT0004665,L001165,4109.77,2024-08-02
PMT0000050,L000011,5611.29,2023-06-30
PMT0001674,L000419,"5,122",2024-12-18
PMT0001166,L000296,4135.75,2023-02-21
PMT0001985,L000492,5575.56,2023-12-01
PMT0002606, L000650 ,"7,689",2023-02-04
PMT0003633,L000903,15654.09,2022-12-29
PMT0000021,L000004,4022.51,2025-03-22
PMT0004765,L001195,3235.69,2023-02-30
PMT0000421,L000105,18816.29,2022-08-18
PMT0002376,L000596,4370.45,2024-10-13
PMT0003083,L000775,19515.89,2023-11-28
PMT0003007,L000750,1305.98,2023-05-12
PMT0003041,L000762,28838.54,2023-01-05
PMT0003765,L000935,2290.55,2023-10-30
PMT0004257,L001058,21878.1,2024-04-24
PMT0003955,L000986,13411.9,2023-10-22
PMT0001656,L000416,9929.14,2025-04-06
PMT0003911, L000974 ,6012.8,2023-06-17
PMT0002563,L000640,,2023-07-09
PMT0004118,L001023,4743.45,2024-12-02
PMT0003276,L000818,"$5,913.50",2024-05-08
PMT0000317,L000079,-6009.69,12/02/2023
PMT0001711,L000427,3021.73,2025-08-22
PMT0001559,L000387,1631.59,2024-10-05
PMT0003294, L000824 ,3476.74,2024-06-29
PMT0001564,L000388,3403.94,2023-09-15
PMT0000860,L000218,6601.72,2024-03-30
PMT0001668,L000418,5564.61,30-Mar-2025
PMT0003959,L000987,9049.82,2023-12-01
PMT0004137,L001028,-6620.15,2025-10-25
PMT0001208, L000305 ,6581.09,2024-08-17
PMT0001247, L000314 ,2809.12,2024-01-21
PMT0004550,L001137,"14,215",2024-06-22
PMT0002847,L000707,15437.69,2023-07-20
PMT0004343,L001082,30471 CAD,2025-09-13
PMT0002043,L000509,5055.79,2024-01-16
PMT0003979,L000991,6759.4,2023-10-30
PMT0004544,L001136,1309.79,2024-12-30
PMT0001701,L000425,7399.36,2025-02-24
PMT0003210,L000803,6856.56,2025-02-08
PMT0003197,L000800,4155.78,2022-11-04
PMT0000194,L000049,14780.43,2025-06-21
PMT0001707,L000427,6298.99,2024-10-31
PMT0001455,L000361,15170.28,2024-07-07
PMT0003750,L000933,4905.48,2025-05-18
PMT0000295,L000070,5357.21,2023-08-26
PMT0000711,L000179,2204.07,07/31/2024
PMT0001068,L000266,3796.09,2026-01-09
PMT0002758,L000687,3632.02,2026-04-13
PMT0003009,L000750,4651.23,2022-10-13
PMT0004317,L001075,13351.46,2025-03-15
PMT0004703,L001178,8372.8,2022-09-16
PMT0001727,L000433,12878.86,2025-06-20
PMT0001369,L000339,2253.53,2026-01-21
PMT0004984,L001250,4700.08,2025-05-28
PMT0000007,L000002,1695.07,2024-05-25
PMT0001699,L000425,12587.45,2024-05-25
PMT0001495,L000371,4731.77,2023-06-14
PMT0003403,L000851,2601.46,2023-07-08
PMT0004609,L001153,4749.54,2023-11-29
PMT0002505,L000625,5141.13,2023-03-23
PMT0001303,L000325,18351.75,2023-06-10
PMT0004319,L001076,32759.84,2024-01-05
PMT0004104,L001019,3285.95,2025-12-21
PMT0003953,L000986,5344.77,2023-09-05
PMT0000234,L000057,39162.83,2025-02-23
PMT0002536,L000632,12081.37,2024-08-24
PMT0001990,L000493,6887.9,2024-01-10
PMT0000586,L000140,4001.65,2024-10-18
PMT0003927,L000980,"$6,244.16",2025-02-01
PMT0001288,L000322,2747.14,2025-12-30
PMT0001910,L000475,13825.56,2025-08-02
PMT0003229, L000807 ,3328.25,07-Feb-2023
PMT0003415,L000853,10015.52,2022-04-26
PMT0004153,L001032,13147.07,2023-08-23
PMT0004441,L001108,20905.59,2023-02-01
PMT0000847,L000214,45235.03,2026-03-19
PMT0004781,L001197,11213.71,2025-02-11
PMT0003712,L000922,17736.6,2024-09-29
PMT0004782,L001198,unknown,2024-01-06
PMT0001838,L000460,2916.64,2023-12-16
PMT0000518,L000125,7689.34,2024-03-02
PMT0003846,L000956,11419.72,2025-01-27
PMT0000203, L000050 ,3329.31,2023-11-20
PMT0001751,L000439,3314.18,2025-04-03
PMT0002842,L000705,2417.11,2024-01-17
PMT0003483,L000869,9151.36,2023-07-23
PMT0001571,L000389,6467.5,2025-08-05
PMT0003444,L000860,10763.09,2024-04-23
PMT0002027,L000506,9475.49,2023-11-11
PMT0000572,L000138,2053.73,2023-03-23
PMT0004914,L001231,4469.19,2023-11-01
PMT0004966,L001246,1824.71,2023-04-09
PMT0001647,L000414,65611.91,2025-02-03
PMT0002195,L000549,3334.88,2023-06-08
PMT0004673,L001168,7699.41,2024-08-27
PMT0003336,L000835,13327.41,2025-02-21
PMT0004753,L001193,19278.35,2026-01-06
PMT0000945,L000238,4281.42,2024-11-13
PMT0000323,L000080,6774.4,2024-02-06
PMT0001485,L000368,13790.03,2025-11-04
PMT0002951,L000735,-3998.14,2024-01-28
PMT0001327,L000330,5389.35,2023-08-02
PMT0001072,L000267,52617.32,2025-02-16
PMT0000825,L000208,"$1,160.96",2025-03-26
PMT0002868,L000712,6702 CAD,2025-09-07
PMT0000002,L000001,6199.32,2025-03-29
PMT0000932,L000235,11171.37,2024-07-06
PMT0002398,L000600,3476.99,2024-07-15
PMT0000031,L000007,1763.4,2023-11-27
PMT0001032,L000258,"$9,829.26",2025-07-22
PMT0001450,L000360,3414.75,2023-05-26
PMT0004405,L001095,6715.47,2024-06-07
PMT0000100,L000025,5332 CAD,2025-02-23
PMT0001104, L000279 ,34338 CAD,2026-01-16
PMT0004658,L001164,17400.8,2023-03-19
PMT0002649, L000659 ,"8,717",2024-04-12
PMT0004019,L001000,1563.86,2024-09-10
PMT0001998,L000495,22946.11,2025-02-26
PMT0000892,L000226,4232.43,2025-01-21
PMT0000944,L000238,3746.77,2023-10-31
PMT0002992,L000745,943.96,2023-06-22
PMT0003940,L000982,13627.69,2024-02-01
PMT0000505,L000123,4358.32,2024-09-28
PMT0004330,L001079,18180.32,2023-09-25
PMT0001676,L000420,"$2,434.84",2024-12-09
PMT0003476,L000867,11516.31,2023-09-23
PMT0001022,L000255,6546.16,2025-09-22
PMT0000314,L000078,11260.17,2025-01-05
PMT0002007,L000499,43927 CAD,2024-05-07
PMT0002516,L000629,"$7,087.61",2024-04-20
PMT0002580,L000643,6126.02,2024-11-27
PMT0004305,L001071,"13,015",
PMT0004337,L001081,3792.2,2024-03-29
PMT0003320,L000830,33953 CAD,2024-10-20
PMT0003473, L000865 ,14711.21,2025-03-16
PMT0002391,L000598,15970.7,2022-10-06
PMT0002265, L000567 ,42350.34,2025-07-11
PMT0004363,L001086,17624.3,2023-03-06
PMT0001256,L000316,7621.28,2025-04-23
PMT0004077,L001013,7441.67,2023-07-08
PMT0002287, L000572 ,9502.93,2024-11-25
PMT0004541,L001135,2274.24,2023-07-22
PMT0001700, L000425 ,16170.44,2024-07-12
PMT0003399,L000850,3006.26,2026-02-15
PMT0001334,L000333,3140.87,2025-10-15
PMT0002491,L000623,1987.9,2022-09-19
PMT0002898, L000721 ,7772.55,2024-08-23
PMT0002860,L000711,8129.99,2025-09-09
PMT0001212, L000307 ,4624.46,2025-12-16
PMT0003971, L000990 ,26583.5,2024-11-08
PMT0004052,L001009,5678.05,2024-03-24
PMT0001323,L000329,17178.52,2025-04-04
PMT0004133,L001027,2355.0,2022-04-28
PMT0002713,L000672,4230.29,2024-08-30
PMT0004702,L001178,7842.99,2023-01-24
PMT0004188, L001041 ,5220.41,2024-06-04
PMT0003310,L000827,7033.43,2024-12-16
PMT0003868,L000961,20493.78,2025-03-23
PMT0002169,L000542,34287.61,2023-03-29
PMT0003607,L000897,8902 CAD,2023-11-08
PMT0001402,L000349,10407.42,2024-01-17
PMT0001065,L000266,3932.28,2025-05-20
PMT0003923,L000979,nan,2024-04-08
PMT0002789,L000695,14955.69,2025-04-21
PMT0003111,L000780,-11435.25,2025-06-10
PMT0000852,L000216,5834.96,2023-04-23
PMT0000103,L000026,20075.37,2025-07-21
PMT0000920,L000233,5058.7,2024-01-15
PMT0000145,L000036,12652 CAD,2022-09-25
PMT0000809,L000202,10634.56,2024-09-25
PMT0001063,L000265,5726 CAD,2023-08-27
PMT0004546, L001136 ,1199.59,2025-04-21
PMT0003619,L000900,20937.14,2024-07-13
PMT0001477,L000365,8819 CAD,2023-11-18
PMT0002520,L000629,3671.65,2023-12-27
PMT0003001,L000747,33340.09,02-Apr-2024
PMT0001279,L000321,2324.26,2022-09-03
PMT0004826,L001208,4747.83,2024-10-04
PMT0002402,L000601,14966.14,2024-06-09
PMT0001806,L000452,9853.41,2024-10-19
PMT0001307,L000326,2388.73,2022-08-29
PMT0001938,L000481,8639.87,2024-02-16
PMT0004165,L001035,5114.34,2024-02-16
PMT0002750,L000682,45099.65,2023-12-04
PMT0001304,L000325,"$17,341.01",2023-07-29
PMT0003495,L000872,4919.91,2025-09-18
PMT0002443,L000610,6028.28,2024-11-06
PMT0002493,L000623,6790.85,2023-12-06
PMT0004525,L001132,"$1,286.17",2025-02-27
PMT0004460,L001116,1679.11,2024-10-06
PMT0003215,L000804,9850.37,2025-05-20
PMT0000815, L000205 ,46435.6,2024-02-13
PMT0003636,L000904,5118.88,2024-01-19
PMT0002619,L000653,12272.66,2025-12-26
PMT0000714,L000180,5275.89,2023-04-10
PMT0003804,L000945,30578.48,2024-09-07
PMT0000827,L000209,"$8,330.32",2023-12-27
PMT0001924,L000477,6672.32,2022-02-04
PMT0001082,L000272,12383.7,2022-07-28
PMT0002751,L000683,13819.91,2024-03-14
PMT0004409,L001098,21503.13,2024-03-10
PMT0002010,L000500,7697.83,2024-06-23
PMT0000402,L000100,5174.46,2025-02-12
PMT0000536, L000129 ,5872.69,2024-10-23
PMT0002428,L000608,8839.15,2022-10-15
PMT0001456,L000361,12363.85,2024-02-29
PMT0000086,L000022,11042.59,2025-04-16
PMT0001597,L000400,5933.85,2024-10-08
PMT0003035,L000759,2599.2,2024-06-04
PMT0002872,L000712,6042.54,2024-12-18
PMT0003323,L000832,4622 CAD,2023-04-30
PMT0001169,L000297,12375.12,2024-08-11
PMT0000645,L000157,25616.56,2023-09-08
PMT0004714,L001181,19415.29,2024-04-13
PMT0002519,L000629,"7,993",2024-09-01
PMT0001457,L000362,853.21,2022-08-02
PMT0000854,L000217,1836.18,2025-09-25
PMT0004724,L001184,17997.91,2024-12-10
PMT0004955,L001244,37847.25,2022-04-26
PMT0004983,L001250,3830.43,2023-08-03
PMT0003925,L000979,2757.47,2024-12-08
PMT0001811, L000452 ,10418.31,2024-10-12
PMT0002517,L000629,4015.33,2024-03-24
PMT0001190,L000302,15092.01,2023-11-04
PMT0003290,L000823,15512.87,2023-07-28
PMT0003904, L000970 ,7581.82,2023-11-08
PMT0001930,L000479,16466.0,2023-08-30
PMT0002090,L000521,5197.81,2023-11-23
PMT0004884,L001221,2562 CAD,2023-08-01
PMT0003649,L000908,8726.8,2023-12-13
PMT0003799,L000942,2199.26,2023-10-22
PMT0002939,L000732,6474.94,06-Mar-2023
PMT0001777,L000445,1093.9,2023-02-12
PMT0000150,L000037,3547.16,04/05/2023
PMT0001598,L000400,3569.81,2024-02-28
PMT0004259,L001059,10985.02,2023-02-03
PMT0002034,L000507,1468.27,2024-05-23
PMT0000682,L000170,"11,660",2022-05-28
PMT0003251,L000812,15831.21,2024-04-01
PMT0000877,L000222,11049.07,2023-12-20
PMT0002903,L000723,68299.41,2024-10-06
PMT0003285,L000821,5198.02,2025-10-17
PMT0001388,L000345,4393.8,2024-02-01
PMT0004315,L001075,10831.23,2025-11-15
PMT0001537,L000382,2473.04,2023-08-22
PMT0001246,L000314,,2023-01-17
PMT0002109,L000525,4440.04,2023-07-01
PMT0003794,L000941,18895 CAD,2024-12-09
PMT0000396,L000099,-3340.5,2023-03-09
PMT0004657,L001164,31910.53,2022-09-22
PMT0004128, L001025 ,69997.58,2024-11-19
PMT0003032,L000758,8947.06,2024-09-07
PMT0000061,L000014,17958.02,2024-10-12
PMT0002703,L000670,5550.83,2023-01-31
PMT0002876,L000713,11660.34,2025-09-12
PMT0004548,L001136,764,2025-06-20
PMT0000204,L000051,8381.89,2026-03-26
PMT0002764,L000688,11243.95,2024-04-01
PMT0003768,L000936,16655.37,2024-06-27
PMT0000440,L000108,6347.19,2024-04-20
PMT0003533,L000879,3461.09,2023-08-21
PMT0002775,L000690,"5,653",2022-11-05
PMT0001817,L000454,2978.61,2023-09-14
PMT0000866,L000219,8027.62,2025-11-20
PMT0004135,L001027,7343.72,2023-03-31
PMT0002307,L000578,11182.39,2023-02-06
PMT0003994, L000995 ,35394.2,2023-03-03
PMT0004773,L001196,5830.68,2023-09-12
PMT0004809,L001203,-1901.74,2023-11-22
PMT0001419,L000352,5524.09,2025-03-23
PMT0000897,L000227,7508.02,2024-04-03
PMT0000395,L000099,2642.24,2023-02-30
PMT0004837,L001210,26170.77,2023-08-31
PMT0003759,L000934,7492.81,2025-10-11
PMT0004361,L001086,9262.86,2022-10-07
PMT0004573,L001144,"$7,486.31",2023-11-28
PMT0000633,L000153,6983.1,2025-03-23
PMT0003091,L000777,10863.71,2024-02-08
PMT0000659,L000161,10082.85,2024-03-29
PMT0001019, L000255 ,6962.76,2025-10-29
PMT0000992,L000248,26460.61,2024-06-24
PMT0000124,L000030,3950.9,2025-04-14
PMT0004000, L000997 ,1064.48,2024-10-19
PMT0001488,L000369,9457.63,2022-08-07
PMT0001862,L000464,"2,152",2024-08-19
PMT0002685,L000666,8201.94,2024-12-10
PMT0003534,L000880,11685.03,2023-12-26
PMT0001466,L000363,2842.65,2025-04-26
PMT0004422,L001103,nan,2024-05-13
PMT0002411, L000602 ,9399.3,2023-09-15
PMT0003659,L000909,14372.81,2024-01-15
PMT0003932,L000981,1489.09,2023-02-13
PMT0001576,L000393,53699.33,2022-09-10
PMT0001971,L000490,7563.31,2024-07-06
PMT0000972,L000243,12277.48,2022-10-10
PMT0000063,L000014,8742.89,2023-01-13
PMT0000165,L000041,"$1,766.02",2024-07-06
PMT0004604,L001150,3945.93,2023-06-15
PMT0000073,L000017,8370.39,2023-06-24
PMT0004895,L001227,29556.58,2022-08-26
PMT0002732,L000677,22338.56,2024-01-05
PMT0004638,L001159,2609.8,2024-07-03
PMT0004735,L001188,2585.06,2024-10-25
PMT0000849,L000216,"$6,323.97",2024-02-18
PMT0003884,L000965,42181.93,04-Apr-2024
PMT0004002,L000997,1153.41,2024-03-18
PMT0002054,L000511,2687.57,2024-06-19
PMT0000886,L000224,8355.67,2023-11-28
PMT0002949,L000734,10672.97,2025-09-24
PMT0003198,L000800,6713.85,2024-02-17
PMT0003508,L000875,9306.47,2024-01-16
PMT0000698,L000175,1725.03,2025-04-24
PMT0004530,L001133,1772.12,2024-01-27
PMT0004522,L001132,1044.62,2026-03-24
PMT0002618, L000653 ,6347.97,2025-04-05
PMT0001657,L000416,8267.43,2025-09-20
PMT0001057,L000263,21985.32,2024-09-26
PMT0001637,L000410,6903.58,2024-04-10
PMT0002778,L000691,3306.82,2023-08-01
PMT0000105,L000027,1615.06,2024-06-21
PMT0004821,L001207,16768.38,2024-05-13
PMT0004271,L001063,9901.29,2025-06-28
PMT0004350,L001083,8463.15,2024-06-10
PMT0003383,L000846,7005.57,2022-09-06
PMT0004931,L001235,2976.23,2026-04-04
PMT0001524,L000378,8291.43,2024-07-06
PMT0003408,L000852,4681.79,2024-03-12
PMT0003879,L000963,7879.42,2024-11-24
PMT0003335,L000835,17643.37,2024-06-14
PMT0003851,L000957,"$7,901.53",2023-08-07
PMT0000214,L000053,8983.2,2025-08-08
PMT0004634,L001158,76628.66,2024-07-24
PMT0001760,L000441,3041.93,2024-07-11
PMT0003410,L000852,13397.91,2023-10-07
PMT0004574,L001144,"10,433",2024-10-26
PMT0001742,L000436,3246.75,2024-09-07
PMT0002181,L000544,2223.06,2023-02-30
PMT0002344,L000589,-3576.43,2025-02-04
PMT0002369,L000594,34475.46,2025-01-24
PMT0003326,L000834,1587.42,2025-01-04
PMT0001829,L000458,33225 CAD,2024-03-08
PMT0002557,L000638,7640.41,2023-11-11
PMT0001953,L000487,6559.67,2024-12-24
PMT0003033,L000759,4796.45,2024-02-23
PMT0003177,L000795,2331.32,2022-05-08
PMT0003637,L000904,5605.18,2023-02-28
PMT0004415,L001101,35106.49,2024-08-01
PMT0001513,L000375,2011.5,
PMT0000470,L000116,2804.59,2023-10-20
PMT0001818,L000454,2096.96,2024-02-16
PMT0001253,L000315,66031.27,2024-06-17
PMT0000475,L000116,2562.35,2023-06-24
PMT0002084,L000519,6989.0,2024-03-03
PMT0001281,L000321,2850.57,2023-01-10
PMT0003934,L000981,598.43,2022-12-08
PMT0001165,L000296,4317.95,2022-09-13
PMT0003280,L000819,29706.78,2022-12-31
PMT0002422,L000606,43942.64,2024-11-25
PMT0002148,L000535,33790.66,2023-08-03
PMT0002299,L000576,31896.01,2024-03-20
PMT0002905,L000725,2752.19,2023-12-12
PMT0000122,L000030,4817.22,07-Jan-2024
PMT0004042,L001005,1884.58,2023-11-12
PMT0002008,L000500,"18,436",05-Aug-2024
PMT0003811,L000946,16148.1,2024-06-10
PMT0003983,L000992,1070.51,2024-06-08
PMT0000644,L000157,12622.76,09/10/2022
PMT0002973,L000740,2037.85,2024-04-01
PMT0003020,L000753,"$24,995.19",2024-05-09
PMT0001396,L000346,9724.0,2023-12-31
PMT0000012,L000002,1617.29,2024-08-21
PMT0001356, L000337 ,6253.32,2023-11-01
PMT0001368,L000339,2531 CAD,2025-08-24
PMT0002425,L000607,3285.8,2023-07-12
PMT0002828,L000702,1037.38,2022-10-13
PMT0003514,L000876,6453.51,2022-11-30
PMT0000481,L000118,"11,655",2025-04-14
PMT0004367,L001088,3165.55,2025-07-30
PMT0000252,L000061,1689.24,2023-08-06
PMT0000990,L000247,"$2,521.00",2022-08-24
PMT0004824,L001208,4636.23,2024-04-01
PMT0003180,L000796,41376.18,2025-01-08
PMT0002308,L000579,2411.57,2025-01-13
PMT0003673,L000913,1302.81,2024-01-09
PMT0002863, L000711 ,4539.57,2025-08-03
PMT0002100,L000524,2236.99,2025-01-26
PMT0001370,L000339,1298.02,2024-12-07
PMT0003080,L000774,31636.09,2025-02-14
PMT0002345,L000589,1605.79,2025-04-01
PMT0002074,L000515,8363.79,2024-07-18
PMT0003156,L000791,4840.36,2023-11-11
PMT0001834,L000459,10946.28,2023-11-18
PMT0000885,L000224,3254.82,2023-09-06
PMT0002039,L000508,15714.44,2025-11-12
PMT0001833,L000459,8004.77,2024-03-04
PMT0000713,L000179,2355.79,2024-06-02
PMT0004825,L001208,3996.19,2025-03-06
PMT0002456,L000615,8271.51,2025-02-19
PMT0000657, L000161 ,10142.0,2024-10-28
PMT0004886, L001222 ,40926.82,2022-08-05
PMT0003502,L000874,12760.9,2024-03-30
PMT0004479,L001121,17444.24,2023-06-27
PMT0001077,L000270,11811.35,2022-07-20
PMT0002030,L000506,11290.22,2023-01-01
PMT0001075,L000268,5783.64,
PMT0001723,L000433,14655.77,2025-08-02
PMT0004737,L001188,2412.88,2024-05-31
PMT0004851,L001215,9217.26,2024-07-16
PMT0001502,L000373,2825.86,2024-08-23
PMT0004654,L001163,2067.5,2024-09-15
PMT0004146,L001029,3389.05,2023-02-30
PMT0000088,L000023,12912.13,2026-02-16
PMT0004176,L001038,35956.99,2023-09-20
PMT0001796,L000448,24138.43,26-Oct-2023
PMT0003174,L000795,848.24,2023-11-04
PMT0002663,L000661,8668.32,2024-10-03
PMT0002887,L000717,5922.87,2023-12-15
PMT0003730,L000928,2050.29,2023-07-26
PMT0002982,L000742,21313.77,2024-08-17
PMT0000067, L000015 ,22103.16,2024-06-11
PMT0000527,L000127,183684.57,2024-03-23
PMT0002252,L000562,-45214.43,2024-05-17
PMT0004423,L001103,20887.27,2025-04-16
PMT0001787,L000447,2951.27,2023-04-12
PMT0001157,L000295,29840.69,2024-04-26
PMT0004393,L001093,3603.4,2023-10-01
PMT0001975,L000491,2175.42,2023-09-02
PMT0002712,L000672,4159.49,2023-11-26
PMT0004469,L001118,2032.7,2024-01-25
PMT0004866,L001218,11338.04,2022-11-23
PMT0001699,L000425,12587.45,2024-05-25
PMT0001414,L000350,1621.5,2023-09-09
PMT0004198,L001044,4479.61,2022-11-24
PMT0003379,L000846,9191.74,2023-02-13
PMT0001195,L000303,13111.92,2025-03-19
PMT0003179,L000795,955.33,2022-06-30
PMT0004864, L001218 ,9206.22,2024-04-04
PMT0004055,L001009,6094.69,2024-10-09
PMT0000036, L000007 ,2660.01,2025-05-27
PMT0003074,L000773,7821.7,2023-09-08
PMT0001749, L000438 ,5087.63,2024-06-19
PMT0000308,L000076,13080.82,not available
PMT0001280,L000321,3676.29,05/03/2022
PMT0002797,L000696,18018.75,2022-11-28
PMT0003862,L000959,11829.76,2026-03-16
PMT0003108,L000780,12683 CAD,2025-10-06
PMT0003863,L000959,6038.87,2024-11-29
PMT0001860,L000464,1635.06,2024-04-21
PMT0004062,L001010,,2025-10-27
PMT0002970,L000739,6657.68,2022-10-16
PMT0002036,L000508,27519.76,2025-08-25
PMT0003304,L000825,23577.86,2024-02-06
PMT0002991,L000745,1127.23,2023-07-23
PMT0003268,L000816,13259.45,2024-01-21
PMT0001641,L000412,3640 CAD,2024-09-02
PMT0002362,L000593,5890.35,2023-11-18
PMT0002983,L000742,33274.28,2025-04-06
PMT0003532,L000879,4865.99,2023-10-05
PMT0003492,L000871,13065.01,2026-02-21
PMT0000127,L000030,7446.16,2024-05-17
PMT0000263,L000063,16002.98,2024-01-20
PMT0004431,L001105,3464 CAD,not available
PMT0000542,L000130,7198.09,2025-01-01
PMT0004223,L001049,6051.79,2022-07-08
PMT0000453,L000112,6650.48,2024-07-09
PMT0004620,L001155,13906.73,21-Nov-2023
PMT0004495,L001124,6238.03,2023-12-26
PMT0003850,L000957,10424.73,2022-08-13
PMT0003130,L000786,-1718.91,2024-04-12
PMT0002561,L000639,24407.39,2024-10-15
PMT0004212,L001047,1916.13,2024-09-22
PMT0002026,L000506,"8,512",2022-09-29
PMT0002085,L000520,4869.88,2023-07-27
PMT0001846,L000461,7533.94,2024-06-01
PMT0002430,L000608,10643.22,2023-12-03
PMT0004355,L001085,15233.9,2024-05-17
PMT0004084,L001015,8156.86,2023-11-03
PMT0000871,L000221,16174.71,2025-03-08
PMT0002018,L000503,7316.96,2023-10-18
PMT0000906,L000230,5274.76,2023-04-02
PMT0004519,L001131,4083.1,2024-05-14
PMT0003603,L000897,13759.75,2025-06-05
PMT0001802,L000450,17951.08,2024-01-15
PMT0001754,L000439,5549.49,2024-06-23
PMT0004388,L001093,2959 CAD,2024-12-15
PMT0003030,L000757,22994.77,2023-06-08
PMT0003700,L000920,4358.63,2023-10-05
PMT0003735,L000929,4231.19,2023-04-26
PMT0001964,L000489,11885.47,2022-11-10
PMT0003245, L000811 ,8771.99,2022-08-04
PMT0000269,L000064,7202.34,2022-03-11
PMT0003081,L000775,19718.28,2023-06-19
PMT0003823,L000950,4232.34,2025-06-16
PMT0004537,L001135,4343.2,2023-08-01
PMT0000079,L000020,6997.99,2025-06-03
PMT0002220,L000555,"12,885",2024-03-27
PMT0001344,L000334,11700.63,2024-01-20
PMT0002269,L000569,26073.69,2024-01-17
PMT0002280,L000571,7787.11,2024-06-07
PMT0003888,L000967,4482.37,2024-07-19
PMT0003214,L000804,5333.5,2024-11-21
PMT0003209,L000803,5081.31,2025-05-18
PMT0001731,L000434,7674.59,2026-01-10
PMT0003442,L000860,12556.12,2025-04-29
PMT0001969,L000490,9094.55,2023-06-19
PMT0004095,L001017,"4,950",30-Aug-2023
PMT0002112,L000526,32177.17,2024-03-21
PMT0004202,L001045,615.5,2025-10-30
PMT0003530,L000879,4227.97,2022-08-28
PMT0003793,L000941,"$19,217.05",2025-09-22
PMT0000136,L000035,273.3,2025-02-03
PMT0004354,L001085,13854.29,2024-03-11
PMT0003646,L000907,3481.57,2022-12-26
PMT0004211,L001047,1583.11,2024-06-05
PMT0002352,L000591,32649.14,2022-10-06
PMT0000841, L000212 ,5298.07,2022-10-18
PMT0001681,L000421,26763.14,2024-09-27
PMT0002133,L000530,-13333.42,2024-11-09
PMT0002909,L000725,2790.2,2024-07-17
PMT0000962,L000241,6900.59,2025-02-28
PMT0002662,L000661,7900.07,2025-07-07
PMT0004555, L001138 ,5613.07,2024-10-06
PMT0000192,L000049,16177.64,2025-01-12
PMT0002189,L000547,4386.06,2023-03-05
PMT0004008,L000998,8506.49,2024-01-31
PMT0001037,L000259,9533.64,2024-03-14
PMT0004982,L001249,1673.59,2024-07-16
PMT0001510,L000375,717.42,2025-01-27
PMT0004322,L001077,7038.4,2024-07-08
PMT0001775,L000445,633.54,2023-03-04
PMT0004974,L001247,3260.96,2023-07-22
PMT0000279,L000066,unknown,2022-09-05
PMT0002413,L000603,9877.87,2023-11-23
PMT0000190,L000047,9370.3,2024-01-01
PMT0004644,L001161,30346.47,2025-03-26
PMT0001879,L000468,10465.32,2023-12-25
PMT0004526,L001132,2194.17,2025-04-20
PMT0002075,L000515,10521.61,2023-11-10
PMT0001816,L000454,"2,331",2024-11-29
PMT0003388,L000848,14324.14,2025-01-25
PMT0003342,L000837,18156.79,2023-03-05
PMT0003272, L000817 ,9830.89,2023-09-27
PMT0000722,L000183,"111,105",2024-03-09
PMT0001830, L000459 ,nan,2024-03-12
PMT0002624,L000654,6268.45,2023-08-21
PMT0002837,L000704,3441.08,2024-06-10
PMT0001031,L000258,11849.31,2025-01-08
PMT0002175,L000543,4612.82,2023-10-23
PMT0002669, L000662 ,13041.78,2025-03-07
PMT0001792,L000448,24595.39,2024-09-12
PMT0001675, L000420 ,1576.87,2023-07-13
PMT0001158,L000295,33964.28,2023-11-24
PMT0004041,L001005,5057.29,2024-05-29
PMT0001472,L000365,4801.95,2024-01-20
PMT0001750,L000438,1974.82,2024-06-24
PMT0002083,L000519,4946.83,2024-03-24
PMT0004107,L001020,5554.6,2025-01-24
PMT0003883,L000965,34848.76,2024-02-08
PMT0004751,L001193,40950.57,2024-03-20
PMT0000365,L000090,3535.99,2022-09-18
PMT0002247,L000562,21624.59,2024-08-31
PMT0001078,L000270,14632.09,2023-09-30
PMT0003402,L000851,1857.35,2023-02-07
PMT0002648,L000659,7399.91,2023-08-16
PMT0001363,L000338,15258.97,2024-07-25
PMT0003606,L000897,4135.3,2023-10-12
PMT0000129,L000031,20926.56,2023-03-14
PMT0002765,L000688,8804.95,2024-06-24
PMT0001539,L000382,2210.34,2022-12-25
PMT0001709,L000427,6343.0,2023-12-24
PMT0003803,L000944,21933.56,2024-01-20
PMT0003151,L000790,23397.15,2025-07-22
PMT0001898,L000472,"21,328",2025-03-01
PMT0004829,L001209,7306.17,2023-03-11
PMT0003897,L000969,7714.65,12/12/2023
PMT0004332,L001080,9851.56,2023-04-13
PMT0004323,L001077,6999.74,2025-04-13
PMT0003263,L000815,8142.58,2024-01-31
PMT0001091,L000274,1819.44,2023-10-13
PMT0003610,L000898,4731.04,2024-06-08
PMT0003543,L000882,6305.68,2023-11-21
PMT0002745,L000680,11140.78,2025-07-12
PMT0004979,L001248,7175.69,2025-01-06
PMT0004792, L001200 ,1606.35,2024-08-11
PMT0000501,L000122,3447.2,2022-10-26
PMT0002238,L000559,5866.8,2023-10-11
PMT0004139,L001028,9516.76,22-Oct-2024
PMT0004798,L001201,7406.59,2023-09-03
PMT0004280,L001065,2000.39,2025-10-09
PMT0003465,L000864,9456.24,2025-08-03
PMT0003435,L000857,"$6,115.51",2024-05-15
PMT0000581,L000139,1582.22,2024-03-10
PMT0001859,L000464,1712.69,2023-03-29
PMT0003545,L000882,3575.88,2022-06-28
PMT0003639,L000905,12054.62,2024-11-02
PMT0001405,L000349,13198.8,2025-05-30
PMT0003002,L000748,4064.19,2025-04-13
PMT0003522,L000878,4302.43,2024-10-08
PMT0002128,L000529,63023.33,2023-02-30
PMT0002548,L000635,11650.21,2023-06-05
PMT0001957,L000487,12767.09,2025-09-16
PMT0001131,L000287,11432.75,2022-09-06
PMT0000942,L000237,12702.96,2026-04-12
PMT0004667,L001167,58391.58,2023-12-17
PMT0003299, L000824 ,3381.04,2023-11-16
PMT0002320,L000583,14953.99,2023-06-24
PMT0001599,L000400,6115.81,2024-06-15
PMT0002993,L000745,1513.15,2024-08-10
PMT0002166,L000541,7620.81,2025-07-06
PMT0000391,L000098,1845.04,2025-08-31
PMT0003328,L000834,528.37,2026-01-04
PMT0000313,L000078,6217.04,06/28/2025
PMT0003061,L000769,4977.52,2024-12-04
PMT0002670,L000662,-14499.43,2024-11-18
PMT0002836,L000704,2276.21,2025-03-10
PMT0003418,L000854,26928.81,2025-07-14
PMT0002413,L000603,9877.87,2023-11-23
PMT0002913,L000726,12419.21,2024-06-15
PMT0004100,L001018,3830 CAD,2024-06-19
PMT0003842,L000955,2945.49,2023-11-05
PMT0000499,L000122,1936.8,2023-11-07
PMT0003147,L000789,11807.77,2023-11-08
PMT0001437,L000356,8237.04,2024-05-05
PMT0002248,L000562,52255.42,2023-07-19
PMT0004164,L001034,14073.29,2025-09-07
PMT0000903,L000229,15220.88,2024-01-04
PMT0002570, L000641 ,24119.04,2023-11-10
PMT0000855,L000217,885.45,2024-10-16
PMT0000271,L000064,9795.83,2022-06-25
PMT0003332,L000834,1660.68,2024-04-02
PMT0002899,L000722,29527.44,2024-09-14
PMT0000971,L000243,12156.83,2022-10-31
PMT0000024,L000005,"$17,900.50",2025-06-03
PMT0004067,L001012,-6082.85,2024-07-12
PMT0002582,L000643,3098.49,2025-09-16
PMT0001882,L000468,6575.98,2025-03-07
PMT0004583,L001146,3432.04,2024-10-07
PMT0003155,L000791,8617.95,2024-11-21
PMT0000446,L000110,4961.65,2025-01-07
PMT0001481,L000367,3459.38,2023-07-03
PMT0001729,L000433,"$17,365.28",2025-11-20
PMT0001178,L000299,47959.36,2024-07-11
PMT0003549, L000884 ,7227.28,2024-09-06
PMT0004806,L001203,1594.92,11/27/2022
PMT0003505,L000874,18172.99,2024-10-16
PMT0003544,L000882,5791.28,2023-01-10
PMT0002289,L000573,10116.7,2023-07-03
PMT0003420,L000854,13636.7,2025-04-27
PMT0001155,L000293,7612.71,2024-10-15
PMT0001934,L000479,19164.32,2022-09-26
PMT0003109,L000780,17055.01,2024-11-05
PMT0001277, L000320 ,2496.48,10-Feb-2024
PMT0000413,L000102,4342.6,2024-05-27
PMT0001062,L000265,6229.95,2024-06-30
PMT0000912, L000231 ,96107.2,2023-01-20
PMT0002814,L000699,1744.8,2022-10-28
PMT0003838,L000954,3940.56,2024-10-16
PMT0003311,L000827,3669.22,2024-08-16
PMT0003611,L000898,"$6,742.95",2023-02-09
PMT0000684,L000171,6850.23,2024-11-14
PMT0001954,L000487,6868.09,2024-12-29
PMT0004194, L001043 ,10110.27,
PMT0003060,L000769,"5,226",2024-07-01
PMT0002436,L000609,989.85,2025-10-14
PMT0001232,L000311,3900.47,2024-11-23
PMT0001119, L000285 ,8559.28,2022-10-26
PMT0003669,L000911,9343.27,2023-12-27
PMT0004191,L001042,22987 CAD,2025-03-08
PMT0001052,L000262,1404.88,2024-12-13
PMT0001025,L000256,10507.28,2023-07-21
PMT0001659, L000416 ,8918.42,2024-12-30
PMT0004296, L001070 ,5779.93,2024-05-24
PMT0001611,L000403,3032.57,2023-03-19
PMT0001843,L000460,2737.8,2024-10-15
PMT0000466,L000115,1926.65,2024-01-14
PMT0002565,L000640,6290.41,2024-03-02
PMT0004443,L001109,82850.63,2023-06-02
PMT0003962,L000987,7281.11,2024-05-17
PMT0003541,L000882,6066.71,2022-11-17
PMT0001719, L000431 ,6422.43,2023-12-07
PMT0003989,L000993,"$18,034.30",2022-12-03
PMT0001698,L000425,11035.15,2025-05-30
PMT0000563,L000136,3119.02,2024-07-26
PMT0001440,L000358,7631.83,2022-10-07
PMT0003163,L000793,930.24,2024-07-01
PMT0001609,L000403,6742.32,2022-06-09
PMT0003992,L000994,88995.29,2023-12-09
PMT0000594,L000143,14161.52,2022-12-26
PMT0003789,L000940,5764.72,2023-07-12
PMT0001689,L000423,13679.92,2023-09-13
PMT0003621,L000901,7880.17,2023-03-16
PMT0004699,L001178,"7,513",2023-07-01
PMT0001643,L000412,2944.31,2024-03-30
PMT0004725,L001184,15095.81,2025-02-08
PMT0000210,L000051,18432.38,2026-03-26
PMT0004898, L001228 ,11253.98,2025-04-27
PMT0000636,L000153,4199.59,2024-01-09
PMT0004756,L001194,5112.52,2024-04-28
PMT0004144,L001029,1172.22,2025-11-01
PMT0002442,L000610,2788.75,2025-07-27
PMT0001783,L000446,3051.07,2025-01-06
PMT0001184,L000300,"12,770",2024-01-17
PMT0001436,L000356,7346.01,2025-05-17
PMT0001891,L000470,3565.41,2022-07-07
PMT0002788,L000695,"12,003",2023-12-12
PMT0004183, L001040 ,17163.98,2024-03-31
PMT0000221,L000055,5565.41,2022-07-28
PMT0002281,L000571,18442.45,2025-07-31
PMT0002516,L000629,"$7,087.61",2024-04-20
PMT0004934,L001238,"11,097",2024-05-03
PMT0002780,L000692,14886 CAD,2024-02-14
PMT0003203,L000801,10918.93,2025-02-15
PMT0000574,L000138,2173.09,2023-09-14
PMT0002749,L000681,19973.29,2026-01-08
PMT0004581,L001146,4266.52,2025-07-03
PMT0003705,L000921,4479.3,2024-11-22
PMT0001540,L000382,1799.29,2023-02-12
PMT0004853,L001215,7791.85,2023-11-17
PMT0004784,L001198,9762.19,2023-02-30
PMT0002869,L000712,6613.77,2025-10-08
PMT0000101,L000025,8736.55,2025-04-10
PMT0000353,L000088,6886.14,2026-01-22
PMT0004532,L001133,1655.87,2024-07-13
PMT0002318,L000582,5129.09,2023-05-15
PMT0004856,L001215,13964.85,2024-01-10
PMT0000110,L000027,1439.25,2025-09-02
PMT0001955,L000487,8082.23,2025-06-11
PMT0004328,L001078,7354.06,2022-12-13
PMT0002101,L000524,"$2,443.49",2024-06-11
PMT0004385,L001092,3969.27,2024-11-10
PMT0002037,L000508,22878.64,2026-01-25
PMT0004161,L001034,20058.26,2026-02-19
PMT0004622,L001155,8121.33,2023-11-25
PMT0003131,L000786,832.97,2025-04-01
PMT0000358,L000089,1049.25,2023-07-07
PMT0002127,L000529,67971.35,2023-04-07
PMT0001580,L000396,6815.78,01/19/2023
PMT0004937,L001238,10035.27,2024-05-04
PMT0002734,L000678,6137.66,2024-02-07
PMT0001602,L000401,1380.65,2023-03-14
PMT0001205,L000305,5943.54,2024-09-10
PMT0001517,L000377,5994.62,29-Mar-2024
PMT0003546,L000882,3115.34,2024-02-11
PMT0000155,L000038,2803.35,2024-12-14
PMT0002647,L000659,9765.53,2024-01-18
PMT0001779,L000446,6602.33,2025-05-14
PMT0000526,L000126,12010.18,2024-06-01
PMT0001430, L000355 ,"$10,850.47",2023-06-18
PMT0003026,L000755,10110.47,2023-12-31
PMT0002251,L000562,15372 CAD,2023-12-06
PMT0004250,L001055,18227.07,2022-03-13
PMT0003300,L000824,3986.71,2023-01-30
PMT0003845,L000956,17618.67,2024-07-31
PMT0002661,L000661,7934.31,2025-08-03
PMT0004196,L001044,6130.84,2023-08-24
PMT0000357,L000089,3492.85,2023-03-28
PMT0004552,L001137,"10,615",2023-08-05
PMT0000616,L000149,5694.05,2023-06-23
PMT0000882,L000223,13780.04,2024-02-24
PMT0001010,L000253,15538.5,2023-11-28
PMT0004850,L001214,15869.9,2025-04-01
PMT0000557,L000134,30750.44,2024-04-09
PMT0002157,L000537,2509.54,2024-06-03
PMT0003052,L000766,8630.6,2024-06-19
PMT0001878,L000468,"$4,341.92",2025-04-15
PMT0003160,L000793,2083.54,2024-08-14
PMT0001850,L000462,4795.1,2023-09-26
PMT0003689,L000917,25828.09,2024-06-16
PMT0004692,L001174,7857.77,2023-10-05
PMT0003997,L000996,5132.29,2023-02-30
PMT0001325,L000330,6378.13,2024-08-19
PMT0002423,L000606,15622.32,2025-05-07
PMT0003481,L000869,3580.3,2024-01-11
PMT0003727,L000927,-20754.56,2023-05-27
PMT0001230,L000311,4012.96,2023-05-29
PMT0002303,L000577,3999.28,2026-05-05
PMT0002324, L000584 ,3648.1,2023-09-06
PMT0004940,L001239,3946.5,2024-02-05
PMT0002706,L000671,4311.09,2023-04-24
PMT0001173,L000298,2230.69,2022-08-30
PMT0001507,L000374,4718.96,2023-01-23
PMT0002810, L000699 ,759.36,2023-06-12
PMT0000839,L000211,1302.44,2023-06-28
PMT0000753,L000189,10438.47,2024-02-08
PMT0001015,L000254,7474.92,2023-11-04
PMT0002762,L000688,7021.83,2025-04-25
PMT0003795,L000942,991.97,2024-05-13
PMT0004685,L001173,8016.05,2024-08-01
PMT0004689,L001173,"$10,452.54",2024-07-24
PMT0004218,L001048,9835.07,2023-04-18
PMT0000566,L000136,3699.06,2023-05-07
PMT0001673,L000419,4703.57,2024-11-19
PMT0004434, L001105 ,7722.32,2022-07-13
PMT0000432,L000106,10158.05,2023-04-10
PMT0004698,L001177,7754.44,2022-12-21
PMT0000837,L000211,1394.38,2025-01-17
PMT0001394,L000346,11258.12,2024-07-03
PMT0000520,L000126,6888.94,2024-10-17
PMT0004855,L001215,5207.76,2023-09-22
PMT0003114,L000781,10553.53,2025-11-17
PMT0002390,L000598,14138.63,2023-07-03
PMT0003817,L000949,3482.27,2024-04-25
PMT0000974,L000243,11424.68,2023-03-04
PMT0001047,L000261,20965.02,2023-01-09
PMT0000890,L000225,7215.22,2023-05-11
PMT0000312,L000078,4777.81,2023-09-21
PMT0003380,L000846,10040.69,2023-03-09
PMT0003120,L000783,43509.99,2024-09-06
PMT0003254,L000813,7328.38,2023-10-19
PMT0000571,L000138,2121.92,2023-11-24
PMT0000658,L000161,9137.91,2023-05-13
PMT0004560,L001139,27960.23,2023-11-12
PMT0000494,L000120,13843.33,2024-05-19
PMT0000011, L000002 ,2110.74,2023-03-20
PMT0001585,L000396,3696.95,2023-10-13
PMT0001575,L000392,30984.4,2022-11-06
PMT0003395,L000849,2213.27,2023-05-29
PMT0004738,L001188,3484.55,2023-09-09
PMT0002396,L000600,2340.76,2023-08-30
PMT0002530,L000631,11815.14,2024-05-10
PMT0002635,L000657,17399.99,2024-07-22
PMT0000275,L000065,34564.0,2023-03-13
PMT0001724,L000433,15363.39,2025-04-12
PMT0001745,L000437,"11,164",2025-02-12
PMT0001221,L000309,73322.35,2025-04-10
PMT0002683,L000666,8607.22,2023-08-03
PMT0002363,L000593,6363.86,2024-07-16
PMT0004451, L001112 ,58992.85,2023-06-11
PMT0001889,L000470,2840.27,2022-11-07
PMT0004498,L001125,8055.07,2024-02-25
PMT0002215,L000554,1965.9,2024-06-21
PMT0001298,L000324,15519.34,2025-01-25
PMT0000288,L000069,9660.74,2024-02-22
PMT0000913,L000232,1848.81,2025-07-18
PMT0000033,L000007,1854.33,2023-12-18
PMT0002156, L000537 ,1411.19,2023-09-10
PMT0004883,L001221,946.95,2024-06-14
PMT0000018,L000004,4425.09,2024-12-22
PMT0000975,L000243,13684.34,2022-10-24
PMT0004399,L001094,8681.11,2024-05-17
PMT0004481,L001121,18481.7,2024-01-14
PMT0001468,L000364,34548.75,2023-12-24
PMT0002330,L000585,-5332.19,2023-10-27
PMT0003447,L000861,22997.25,2022-10-28
PMT0003898,L000969,5923.96,2023-02-27
PMT0001780,L000446,5112 CAD,2025-07-30
PMT0000168, L000042 ,14390.46,2025-03-10
PMT0002032, L000507 ,1658.07,2025-08-24
PMT0000496,L000121,19626.36,2025-05-08
PMT0004872,L001219,6378.26,2023-12-19
PMT0004383, L001092 ,2321.1,2025-02-14
PMT0004913,L001231,4712.18,2022-08-21
PMT0003501,L000874,10568.35,2024-01-06
PMT0002231,L000558,4622.4,2025-05-01
PMT0002294,L000574,5851 CAD,2024-09-05
PMT0001213,L000307,7191.92,2024-12-17
PMT0004933, L001237 ,-68028.37,2026-01-01
PMT0004336,L001080,3924.57,2023-11-18
PMT0000426,L000106,4475 CAD,2022-12-30
PMT0002273,L000570,5014.82,2025-06-19
PMT0000064,L000014,6472.96,2024-09-23
PMT0004597,L001149,8011.24,2024-06-12
PMT0003865,L000960,8210.64,2023-09-26
PMT0000980,L000244,9100.32,2022-09-22
PMT0001086,L000273,11977.68,2023-08-05
PMT0002044,L000509,6669.42,2022-10-25
PMT0002350,L000589,4720.36,2024-11-22
PMT0003921, L000977 ,7471.45,2025-03-21
PMT0002626,L000654,3677.95,2024-09-01
PMT0004074,L001013,13496 CAD,2022-11-01
PMT0000364,L000090,6842.99,2022-09-20
PMT0001013,L000254,7821.15,2023-11-13
PMT0000128,L000030,3049.98,2025-07-07
PMT0002005,L000498,27730.82,2025-04-23
PMT0004197,L001044,8115.04,2023-06-12
PMT0004826,L001208,4747.83,2024-10-04
PMT0002283,L000571,23244.24,2024-12-05
PMT0003003,L000748,3074.03,10/10/2024
PMT0004180, L001039 ,4471.63,2024-02-11
PMT0001329,L000331,11306.6,2025-11-25
PMT0002473,L000619,5899.44,2024-05-14
PMT0000790,L000197,7263.05,2025-08-29
PMT0002667,L000662,15095.13,2026-01-08
PMT0001902,L000473,20646.2,2024-08-20
PMT0004534,L001133,4795.88,2024-12-26
PMT0001389,L000345,3459.09,2024-08-23
PMT0003814,L000949,2874.34,2023-11-07
PMT0000676,L000168,48495.07,2023-05-14
PMT0000115,L000028,1217.6,2023-07-10
PMT0003211,L000803,5791.03,2024-01-12
PMT0002948,L000734,9413.46,2024-03-10
PMT0004312,L001073,3452.23,2023-11-28
PMT0003579,L000890,2443.27,2023-11-19
PMT0002904,L000724,12749.58,2023-12-10
PMT0003270,L000816,10729.66,21-Jan-2025
PMT0004538,L001135,6385.82,2022-10-29
PMT0000329,L000082,181590.38,2025-11-28
PMT0000617, L000149 ,10689.33,2024-11-15
PMT0003913,L000975,7049.04,2023-01-01
PMT0004477,L001121,19729.67,2024-03-30
PMT0002095,L000522,14760.84,2025-02-17
PMT0001225,L000310,3058.81,2025-05-20
PMT0003827,L000952,28491.36,2023-11-10
PMT0002541,L000633,3508 CAD,2022-09-24
PMT0004739,L001188,4688.28,2023-11-22
PMT0004065,L001011,20756.23,2025-05-06
PMT0003650,L000908,5297.19,2024-06-26
PMT0001650,L000415,nan,2023-11-04
PMT0000352,L000088,7915.4,2026-03-27
PMT0001042,L000260,5892.78,
PMT0003899, L000969 ,7498.68,2024-03-21
PMT0000394,L000098,1260.73,2024-05-14
PMT0004506, L001128 ,17896.31,2023-07-24
PMT0004599,L001149,6937.33,2024-04-05
PMT0003220,L000805,1042.44,2023-10-16
PMT0001655,L000415,6641.04,2025-01-20
PMT0002741,L000679,24814.12,2023-06-01
PMT0004396,L001094,10278.33,2024-06-20
PMT0004464,L001118,1742.13,2024-05-16
PMT0002351,L000590,23990.88,2023-10-19
PMT0004595,L001149,4496.7,2023-09-17
PMT0001693,L000423,5113.61,2023-07-08
PMT0004624,L001155,10420.38,2024-04-03
PMT0003313, L000828 ,7830.23,2023-08-03
PMT0003896,L000969,2948.73,2023-08-21
PMT0000654,L000160,-15173.49,2023-02-27
PMT0004240, L001052 ,4442.18,2024-07-19
PMT0003800,L000942,1673.46,2023-02-24
PMT0004484,L001122,"1,201",2024-04-13
PMT0003498,L000872,4376.29,2024-11-05
PMT0003995,L000995,37297.13,2022-06-06
PMT0004804,L001202,56272.85,2023-04-07
PMT0000157,L000038,3832.0,2023-09-01
PMT0001422,L000353,14642.79,2024-06-11
PMT0001720, L000431 ,8230.64,2023-07-05
PMT0001290,L000322,3049.85,2024-06-19
PMT0003288,L000822,21862.22,2023-08-05
PMT0003910,L000974,2783.01,not available
PMT0003531, L000879 ,1341.51,2023-10-06
PMT0002978,L000740,1941.16,2024-06-26
PMT0002843,L000706,5113.58,2025-12-30
PMT0001033,L000259,14181.74,2024-07-12
PMT0000458,L000114,23206.71,2024-11-16
PMT0003559,L000885,-2102.56,2025-04-13
PMT0004652,L001163,4601.64,2023-08-24
PMT0002848,L000707,"15,221",2022-05-30
PMT0004089,L001017,4743.52,2023-01-05
PMT0004215,L001047,2319.81,2024-10-15
PMT0004986,L001250,4514.87,09-Mar-2024
PMT0000405,L000101,6937.15,2022-09-06
PMT0002601, L000648 ,17396.99,2025-09-21
PMT0002070,L000515,6793.99,2023-11-06
PMT0001565,L000388,3915 CAD,2023-07-05
PMT0003873,L000962,36030.87,2024-05-12
PMT0001238,L000312,36357.94,2023-12-28
PMT0002891,L000718,"$6,195.55",2023-09-10
PMT0001274,L000320,2291.43,2024-07-19
PMT0004308, L001072 ,11784.78,2025-02-03
PMT0004151,L001031,11559.12,2023-10-10
PMT0002585,L000644,1212.2,2023-01-17
PMT0003138,L000788,2466.48,2026-04-18
PMT0000009,L000002,2027.88,07/05/2023
PMT0002167,L000541,3578.56,2025-06-02
PMT0003672,L000913,723.29,2023-12-06
PMT0000235,L000058,2078.34,2025-06-01
PMT0001270,L000319,9805 CAD,2023-07-19
PMT0003973,L000990,12014.99,2026-03-12
PMT0001762,L000442,20316.85,2023-02-17
PMT0004287,L001067,16222.46,2023-04-04
PMT0000728,L000185,17561.61,2024-07-30
PMT0000216,L000054,16540.81,2024-03-18
PMT0002024,L000505,12206.12,18-Aug-2025
PMT0004888, L001224 ,7838.64,2024-03-24
PMT0000622,L000149,10026.94,2024-12-18
PMT0001619,L000406,21554.61,2024-09-13
PMT0003341,L000837,18751.22,2022-08-07
PMT0002888,L000717,2826.33,20-Dec-2022
PMT0003422,L000855,25403.77,02/27/2024
PMT0003620,L000901,14898.16,2023-01-12
PMT0004352,L001084,69374.75,2024-07-19
PMT0000578,L000139,1831.88,2023-02-26
PMT0004154,L001032,16312.61,25-Jan-2024
PMT0001125,L000286,3503.64,2023-03-27
PMT0002806,L000698,21619.15,2024-07-25
PMT0000991,L000247,2586.77,2023-07-22
PMT0002266,L000568,5932.54,2023-09-04
PMT0003772,L000937,4394.03,02/12/2023
PMT0002923,L000728,5508.44,2024-02-14
PMT0001970,L000490,7825.41,2024-07-17
PMT0002487,L000622,3095.6,2023-09-13
PMT0001333,L000333,4097.5,2024-09-09
PMT0000008,L000002,2299.11,2024-01-26
PMT0002050,L000510,11471.76,2024-05-12
PMT0000338,L000085,2517.37,10/16/2023
PMT0002342,L000588,"12,666",2023-02-30
PMT0004505,L001127,14143.07,2024-06-22
PMT0002333,L000586,4659.99,2025-01-22
PMT0004356,L001085,13562.75,2024-01-24
PMT0001199,L000304,4706.81,2024-07-06
PMT0003568,L000888,-5395.43,2023-06-23
PMT0001192,L000303,9007.65,04/03/2025
PMT0000010,L000002,-1983.48,2023-01-29
PMT0003238,L000810,7168.66,2023-12-30
PMT0004177,L001039,2739.83,2024-08-09
PMT0002052,L000511,6967.46,2023-10-29
PMT0002069,L000514,7662.7,2025-05-20
PMT0002429,L000608,3471.32,2023-01-01
PMT0000177,L000044,nan,2023-08-11
PMT0000229,L000056,6861.52,2022-09-19
PMT0003749,L000933,3795.84,2025-04-26
PMT0002547,L000635,6665.79,2024-04-19
PMT0002137,L000531,10948.79,2023-09-18
PMT0002966,L000738,62100.01,01-Jan-2025
PMT0001916,L000476,4317.52,2023-12-09
PMT0003021,L000753,30739.68,2025-02-23
PMT0003643, L000906 ,4376.07,2023-01-07
PMT0003081,L000775,19718.28,2023-06-19
PMT0000745, L000188 ,4033.32,2023-10-28
PMT0001181,L000300,5644.71,2022-04-30
PMT0001514,L000376,19349.69,2022-09-07
PMT0002372,L000595,6601.45,2024-07-16
PMT0000773,L000193,"5,667",2024-06-25
PMT0002572,L000642,1751.1,2023-06-24
PMT0004807,L001203,4614.41,2023-04-26
PMT0002846,L000707,18212.13,2023-12-05
PMT0002227,L000557,8128 CAD,2024-06-02
PMT0004386,L001092,2610.79,2024-11-25
PMT0003602,L000896,2583.49,2023-10-05
PMT0002203,L000551,69661.89,2024-08-23
PMT0000376,L000094,151049.05,2026-05-30
PMT0002277,L000570,8520.82,2024-07-05
PMT0004516,L001131,5548 CAD,2023-12-17
PMT0001982,L000492,4408 CAD,2023-09-21
PMT0003617,L000900,9489.06,2023-05-21
PMT0004748,L001191,4168.96,2023-10-27
PMT0001694,L000423,8840.25,2024-05-28
PMT0002767,L000688,7762.38,2024-05-05
PMT0002559,L000638,15472.86,18-Jun-2023
PMT0003355,L000840,4770 CAD,2024-11-19
PMT0001105,L000279,30759.95,2025-06-05
PMT0003829,L000952,11712.74,2023-11-24
PMT0002182,L000545,34461.36,2023-09-04
PMT0000161, L000040 ,5674.71,2022-04-24
PMT0003786, L000939 ,3047.85,2023-01-18
PMT0002072,L000515,5585.98,2023-07-28
PMT0000001,L000001,3769.21,2025-03-07
PMT0002121,L000528,3701.54,2024-06-11
PMT0003451,L000861,20329.79,2023-07-03
PMT0000560,L000134,29923.76,2024-02-17
PMT0002672,L000663,11749.66,2022-08-27
PMT0000528,L000128,"5,114",2025-02-03
PMT0002490,L000622,2986.39,2023-12-07
PMT0004948,L001241,49327.29,2024-06-11
PMT0001849,L000462,5678.01,2023-07-16
PMT0000951,L000240,15461.23,2022-07-24
PMT0004059,L001010,"1,267",2025-07-14
PMT0003135,L000787,6315.95,2024-01-11
PMT0001175,L000298,2515.29,2023-04-11
PMT0004043,L001006,19898.79,2024-06-16
PMT0004648,L001162,38764.23,2023-01-11
PMT0001533,L000380,937.31,2024-02-27
PMT0000914,L000232,4706.24,2024-12-13
PMT0001433,L000356,7053.58,2025-07-31
PMT0003396,L000849,1674 CAD,2023-01-02
PMT0000321,L000080,8523.03,2022-11-08
PMT0001960,L000488,11929.47,2024-01-26
PMT0002185,L000547,6009.18,2024-06-28
PMT0004887,L001223,16386.52,2024-01-08
PMT0003553,L000884,6331.37,2024-07-22
PMT0000424,L000105,20302.77,2023-09-17
PMT0000587,L000141,11101.08,2022-07-24
PMT0002474,L000619,3272.64,2023-10-29
PMT0003758, L000934 ,5330.44,2025-12-21
PMT0002463,L000616,3784.79,2024-07-28
PMT0000853,L000216,2913.72,2024-03-09
PMT0001837,L000460,2778.25,2025-04-04
PMT0000439,L000108,7093.59,2024-02-10
PMT0000717,L000181,2053.59,2025-03-14
PMT0002574,L000642,1403.43,2025-02-05
PMT0002326,L000584,10968.9,2024-11-19
PMT0001662,L000417,5809.66,2024-08-10
PMT0000237,L000058,3535.75,2024-07-14
PMT0002368,L000594,14377.17,2025-11-02
PMT0000048,L000009,1536.22,2024-11-07
PMT0004485,L001122,1433.84,2025-02-07
PMT0002115,L000527,4845.65,2025-04-17
PMT0001714,L000428,8051.86,2023-11-09
PMT0004533,L001133,-3051.75,2024-01-05
PMT0001610,L000403,5184.39,2023-08-12
PMT0003818,L000949,1639.47,2024-01-13
PMT0001875,L000466,7464.45,2022-12-27
PMT0001478,L000366,100409.74,2024-01-11
PMT0000634,L000153,8987.25,2024-06-01
PMT0003660,L000909,8790.81,2023-02-13
PMT0003480,L000869,7103.29,2024-04-22
PMT0001476,L000365,8804.87,2024-04-13
PMT0001375,L000342,5810.12,2022-09-23
PMT0004722,L001184,17416.04,2024-09-22
PMT0001885,L000469,12411.19,2024-12-13
PMT0004483,L001122,3835.46,2024-01-09
PMT0004557,L001138,18024.21,2023-07-26
PMT0002839,L000705,1644.21,2024-08-23
PMT0002151,L000536,131688.99,30-Jun-2023
PMT0001126,L000286,4365.04,2022-07-05
PMT0004912,L001230,752.47,2022-08-09
PMT0002470,L000617,"17,920",2022-12-10
PMT0001338,L000333,4024.38,2024-07-08
PMT0001515,L000376,16663.99,2023-11-23
PMT0004429,L001105,5875.36,2023-12-24
PMT0000887,L000225,6394.59,2023-04-25
PMT0000700,L000175,1003.34,2025-01-25
PMT0003490,L000870,7120.67,2025-04-03
PMT0002726,L000676,3567.67,2023-04-29
PMT0003044,L000763,9680.46,2023-03-08
PMT0000598,L000143,14339.5,2023-09-18
PMT0001080,L000271,19755 CAD,2024-08-08
PMT0004511,L001129,9017.85,2024-09-25
PMT0000656,L000160,15388.86,2022-05-11
PMT0000092,L000023,5457.88,2026-01-27
PMT0002959,L000737,"2,894",2024-07-17
PMT0001479,L000366,92599.01,2023-09-29
PMT0000791,L000197,9935.98,2025-02-19
PMT0003634,L000904,4364.26,2023-01-24
PMT0000508,L000123,3401.65,2025-06-10
PMT0003846,L000956,11419.72,2025-01-27
PMT0003558,L000885,7042.04,2025-01-07
PMT0003378,L000846,6037.12,2022-10-15
PMT0002467,L000617,12922.69,2023-03-08
PMT0004639,L001159,2517.7,2024-05-26
PMT0000857,L000217,644.22,2026-01-10
PMT0004973,L001247,6039.1,2022-11-11
PMT0003461,L000863,41709.34,2025-05-16
PMT0003729,L000928,2732.5,2024-05-07
PMT0002743,L000679,8584.72,2024-12-22
PMT0001808,L000452,10303.35,2023-10-11
PMT0000664, L000163 ,11714.05,2025-08-01
PMT0004823,L001208,4070.19,2023-02-30
PMT0004192,L001042,20325.44,2024-10-23
PMT0000132,L000033,90356.63,2023-02-30
PMT0001593,L000398,10207.33,2024-07-30
PMT0000939,L000236,"$2,163.39",2023-08-09
PMT0004666,L001166,50197.75,2024-06-19
PMT0002719,L000674,3982.68,2024-12-10
PMT0003375,L000845,"$4,103.64",2023-03-18
PMT0003068,L000772,2367 CAD,2025-01-12
PMT0004869,L001219,12088.8,2024-06-17
PMT0004733,L001187,,2024-12-20
PMT0002244,L000561,278.18,2023-11-08
PMT0000953,L000240,17957.4,2022-06-19
PMT0001601,L000401,2360.52,2023-11-02
PMT0000118, L000029 ,11567.67,2023-03-03
PMT0002302,L000577,"5,836",2024-11-29
PMT0001292,L000323,6925.36,2025-01-26
PMT0000166,L000041,,2023-01-15
PMT0004253,L001056,21751.16,2024-06-20
PMT0004225, L001049 ,7355.85,2022-11-13
PMT0004626,L001156,17527.7,2024-03-11
PMT0004630,L001157,4128.46,2024-07-14
PMT0001628, L000409 ,4327.18,2024-04-08
PMT0000779,L000194,"$10,922.07",2023-12-07
PMT0003016,L000752,11582 CAD,2024-02-05
PMT0002821,L000701,1282.28,2024-03-15
PMT0002401,L000600,2762.04,2024-09-19
PMT0002510,L000627,2294 CAD,09/17/2024
PMT0000286,L000068,"$23,275.07",2025-01-26
PMT0002609,L000650,"9,969",2023-09-11
PMT0000922,L000233,4400.08,2023-02-24
PMT0001335,L000333,5289.74,2024-04-27
PMT0002677,L000664,32496.16,2023-06-28
PMT0003132,L000786,"1,341",2025-01-24
PMT0000904,L000229,15396.08,2024-11-08
PMT0003213,L000804,3460.47,2024-01-22
PMT0000134,L000034,22412.75,2024-03-26
PMT0002886,L000717,2707.74,2022-11-11
PMT0004539,L001135,3669.93,2023-08-25
PMT0000987,L000247,2173.93,2023-03-01
PMT0000455,L000113,10963.64,2024-07-09
PMT0000393,L000098,2293.5,2024-06-27
PMT0003663,L000910,13403.41,2022-07-05
PMT0001581,L000396,7745.53,2023-12-06
PMT0004897,L001228,9199.63,2025-07-07
PMT0000147,L000037,"2,330",2024-01-08
PMT0000660,L000161,"7,914",2023-08-13
PMT0002995,L000745,1525.49,2024-01-07
PMT0000969,L000242,1861.43,2023-05-11
PMT0004771,L001196,2584.71,2022-11-10
PMT0000479,L000117,"$34,834.28",03/24/2023
PMT0004125,L001024,2374.54,2024-07-22
PMT0004743,L001189,10962.14,2024-09-19
PMT0004547,L001136,1449.31,2025-09-12
PMT0001868,L000465,4934.34,2023-09-20
PMT0001046,L000261,33245.98,2022-07-25
PMT0002055,L000511,2130.16,2025-05-27
PMT0003707,L000921,3682.06,2025-04-27
PMT0004941,L001239,8232 CAD,2023-03-27
PMT0002025,L000506,-8564.08,2023-09-13
PMT0000381,L000095,6765.33,2025-07-24
PMT0004491,L001124,3907.45,2024-03-21
PMT0002963,L000737,3340.23,2025-07-13
PMT0003106,L000779,10952.32,2022-10-06
PMT0004360,L001086,18923.15,2023-02-09
PMT0002800,L000697,20913.52,2025-01-06
PMT0000624,L000150,8977.35,2022-10-10
PMT0001542,L000383,19252.89,2023-11-11
PMT0003252,L000813,7621.35,2023-09-09
PMT0002539,L000633,1454.04,2023-12-16
PMT0002180,L000544,2425.74,2023-07-12
PMT0003630,L000903,16833.94,2024-01-31
PMT0004237,L001052,4667.38,2024-12-21
PMT0000689,L000172,38578.41,2024-11-09
PMT0004006,L000998,17064.77,2024-12-18
PMT0003182,L000797,2370.15,2025-12-22
PMT0003302,L000825,25351.48,
PMT0001401,L000348,35179.72,2025-01-11
PMT0002418,L000604,3158.73,2024-01-14
PMT0001631,L000409,2717.52,2025-05-20
PMT0001646,L000414,85231.65,2025-09-24
PMT0000287,L000068,21628.86,2024-02-04
PMT0000607,L000145,8989.71,2023-09-07
PMT0000955,L000240,20327.45,2023-10-26
PMT0000776,L000193,10252.44,2024-04-16
PMT0004715,L001181,9964.38,2023-10-27
PMT0000448, L000111 ,2383.95,2024-12-01
PMT0004796,L001200,783.81,2024-03-23
PMT0000814,L000204,"36,627",06/16/2025
PMT0002945,L000733,7372 CAD,2022-07-22
PMT0002521,L000630,8727.32,2023-12-19
PMT0003057,L000767,,2025-11-01
PMT0003708,L000921,5096.46,05-Nov-2024
PMT0002944,L000733,9402.02,2023-01-03
PMT0002131,L000530,14253.92,2024-12-13
PMT0004473, L001119 ,13900.33,2026-01-15
PMT0004927,L001235,1948.99,2025-01-26
PMT0001896,L000471,7930.86,2025-12-22
PMT0001756,L000441,3206.16,2025-07-19
PMT0001865,L000465,10016.51,2024-11-08
PMT0000326,L000080,4077.88,2022-09-18
PMT0002556,L000638,9494.04,2025-03-06
PMT0000592,L000142,13771.11,
PMT0002292,L000574,2955.63,not available
PMT0002138,L000531,4799.4,2023-01-21
PMT0003416,L000853,10243.8,2022-08-29
PMT0002636,L000657,11102.15,2025-09-09
PMT0002274,L000570,8467.62,2025-08-13
PMT0004326,L001078,8622.04,2023-08-12
PMT0002311,L000579,4854.84,2025-08-03
PMT0003835,L000954,2376.32,2025-02-17
PMT0004780,L001197,9377.18,2023-08-16
PMT0002450,L000613,"$30,829.43",2025-04-20
PMT0000850,L000216,3165.84,2023-04-01
PMT0001342,L000334,"18,171",2024-08-16
PMT0000091, L000023 ,12640.11,2024-05-20
PMT0004633,L001157,4078.11,2023-08-05
PMT0000667,L000164,7069.27,2025-08-07
PMT0003604,L000897,9646.58,2024-05-10
PMT0001331,L000332,7870.09,2023-01-04
PMT0004063,L001010,1049.08,2024-05-31
PMT0000077,L000019,23219.01,2024-04-17
PMT0004087,L001016,12181.62,2023-06-18
PMT0004224,L001049,7265.8,05/09/2023
PMT0002147,L000535,36155.18,2023-01-11
PMT0002652,L000660,14197.57,2023-04-13
PMT0004819, L001206 ,"$25,836.59",2023-06-26
PMT0000390,L000098,"3,870",2024-04-01
PMT0004295,L001070,10137.43,2023-11-07
PMT0000374,L000093,15312.82,2023-09-28
PMT0003736,L000929,7915.11,2023-06-09
PMT0003297,L000824,1490.69,2022-09-30
PMT0003258,L000814,36337.42,2025-02-14
PMT0004004,L000997,$772.07,2024-12-06
PMT0002187,L000547,2838.04,2023-04-30
PMT0004061,L001010,2590.47,2024-10-31
PMT0002936,L000731,5406.48,2023-05-26
PMT0002296,L000575,17128.17,2023-09-21
PMT0003724,L000926,"3,191",2023-09-08
PMT0004397,L001094,10903.89,2025-06-10
PMT0003185,L000798,25787.59,2024-03-28
PMT0001078,L000270,14632.09,2023-09-30
PMT0004348,L001083,5708.11,2024-02-01
PMT0002437, L000609 ,1029.2,2025-02-02
PMT0003996,L000996,6370.15,2023-05-10
PMT0000665,L000163,6602.52,2025-02-18
PMT0000081,L000021,58588.63,2023-06-22
PMT0002656,L000660,11858.54,2023-05-02
PMT0002193,L000549,5313.19,2023-07-23
PMT0000620,L000149,14701.81,2024-12-19
PMT0003072,L000772,5314.03,2024-04-08
PMT0003257,L000813,7763.11,2024-12-22
PMT0003743,L000932,3282.06,2023-11-07
PMT0002866,L000711,7209.07,2026-04-01
PMT0003485,L000869,5493.17,2023-10-07
PMT0002704,L000670,8355.21,2024-06-05
PMT0002987,L000744,2112.75,2023-05-01
PMT0002731,L000677,19797.4,2023-02-03
PMT0000911,L000230,1981.57,2023-03-02
PMT0003605,L000897,10554.79,2023-12-09
PMT0003755,L000934,3653.1,2025-01-05
PMT0002976,L000740,2130.04,2022-08-03
PMT0000883,L000224,5635.56,2022-06-27
PMT0000183,L000046,11804.62,2024-08-22
PMT0004233,L001051,20026.05,2025-02-20
PMT0001411,L000350,1504.52,2022-08-28
PMT0003731,L000928,-1757.81,2023-08-15
PMT0004922,L001234,6651 CAD,10-Oct-2024
PMT0003828,L000952,8491.53,2023-03-17
PMT0000835,L000210,4434.58,2024-04-22
PMT0002605,L000650,7609.65,2023-02-28
PMT0000277,L000066,10638.27,2022-11-09
PMT0000545,L000130,7583.51,2025-06-12
PMT0001675, L000420 ,1576.87,2023-07-13
PMT0003183,L000797,2743.83,2024-09-30
PMT0000038,L000008,1451.58,2025-07-05
PMT0004496,L001125,3660.73,2023-09-03
PMT0001011,L000253,15134.65,2025-07-29
PMT0003666,L000911,9239.09,2024-10-09
PMT0003316,L000829,"$13,087.61",2024-07-29
PMT0002199,L000550,"3,153",2024-04-25
PMT0000926,L000234,5090.0,2025-02-22
PMT0000768,L000192,1053.32,2024-05-05
PMT0001767,L000443,21425.16,2024-12-08
PMT0002728,L000676,"$3,263.94",2023-05-22
PMT0001123,L000286,3193.56,2023-09-22
PMT0003244,L000811,5637.11,2024-05-18
PMT0000493,L000120,"5,255",2023-07-19
PMT0002492,L000623,7589 CAD,2022-09-20
PMT0004468,L001118,1702.91,2023-03-17
PMT0002873,L000712,5650.18,2025-07-18
PMT0003912,L000975,15281.95,2023-08-18
PMT0001590,L000398,6617.43,2024-08-30
PMT0003137,L000787,6475.38,2025-03-02
PMT0004740,L001188,"5,231",2023-04-28
PMT0002884,L000716,16802.79,2023-04-28
PMT0002684,L000666,8081.41,13-Nov-2024
PMT0000623,L000150,8105.67,2024-02-14
PMT0004172,L001037,605.09,2024-07-30
PMT0003687,L000916,12207.43,2024-04-22
